,,,ALL,,,,,,,,,,,,,,,,,,,,,,,,,,,,,,,,,,,,,,,,,,,,,,,,,,,,,,,,,Technology,Compliance & Quality,Finance,,,,,,,,,,,,,,,,,,,,,,,,,,,,,,,,,,,,,,,,,,,,,,,,,,,,,,,,,,,,,,
,,,,,,,,,,,,,,LXT AI,CW,Combined,,LXT AI,LXT AI,LXT AI,,LXT AI,LXT AI,LXT AI,,LXT AI,LXT AI,LXT AI,,LXT AI,LXT AI,LXT AI,,LXT AI,LXT AI,LXT AI,,LXT AI,LXT AI,LXT AI,,LXT AI,LXT AI,LXT AI,,CW,CW,CW,,CW,CW,CW,,,,,,,,,,,,,,,,,,,,,,,,,,,,,,,,,,,,,,,,,,,,,,,,,,Operations Breakup,,,,,,,,,,,,,,,,,,,,,,
,,Check for YTD Sum ------------>,1/Feb/26,2,,,0 ,,,,,,,ALL,ALL,ALL,,CAN,CAN,CAN,,EGY,EGY,EGY,,USA,USA,USA,,UK,UK,UK,,ROU,ROU,ROU,,AUS,AUS,AUS,,IND,IND,IND,,USA,USA,USA,,DEU,DEU,DEU,,,,,,,,,,,,,,,,,,,,,,,,,,,,,,,,,,,,,,,,,,,,,,Unallocated,,,,5001,,,,5002,,,,5003,,,,5004,,,,5005,,,,5006,,
,,,YTD,,,Consolidated,,,,,,,,Combined,,,,Canada,,,,Egypt,,,,USA,,,,UK,,,,ROU,,,,AUS,,,,IND,,,,USA,,,,DEU,,,,CEO,,,,Operations,,,,Finance,,,,Business Development,,,,Technology,,,,Legal,,,,HR & Aministration,,,,Compliance & Quality,,,,Unknown,,,,,,,,,,,,,,,,Operations,,,,Operations,,,,Operations,,,,Operations,,,,Operations,,,,Operations,,
,,,FY-2026,Budget,Variance,FY-2026,Manual Adj,Budget,Variance,FY-2025,FY-2025,MOM,,Manual Adj,Manual Adj,Manual Adj,,Manual Adj,FY-2025,,,Manual Adj,FY-2025,,,Manual Adj,FY-2025,,,Manual Adj,FY-2025,,,Manual Adj,FY-2025,,,Manual Adj,FY-2025,,,Manual Adj,FY-2025,,,Manual Adj,FY-2025,,,Manual Adj,FY-2025,,,Manual Adj,FY-2025,,,Manual Adj,FY-2025,,,Manual Adj,FY-2025,,,Manual Adj,FY-2025,,,Manual Adj,FY-2025,,,Manual Adj,FY-2025,,,Manual Adj,FY-2025,,,Manual Adj,FY-2025,,,Manual Adj,FY-2025,,,Manual Adj,FY-2025,,,Manual Adj,FY-2025,,,Manual Adj,FY-2025,,,Manual Adj,FY-2025,,,Manual Adj,FY-2025,,,Manual Adj,FY-2025,,,Manual Adj,FY-2025,,,Manual Adj,FY-2025,,,Manual Adj,FY-2025,
,,Select Date from drop down -->,31/Jan/26,31/Jan/26,,January,January,January,January,December,November,Varaince,,January,January,January,,January,November,Varaince,,January,November,Varaince,,January,November,Varaince,,January,November,Varaince,,January,November,Varaince,,January,November,Varaince,,January,November,Varaince,,January,November,Varaince,,January,November,Varaince,,January,November,Varaince,,January,November,Varaince,,January,November,Varaince,,January,November,Varaince,,January,November,Varaince,,January,November,Varaince,,January,November,Varaince,,January,November,Varaince,,January,November,Varaince,,January,November,Varaince,,January,November,Varaince,,January,November,Varaince,,January,November,Varaince,,January,November,Varaince,,January,November,Varaince,,January,November,Varaince,,January,November,Varaince,,January,November,Varaince
Code,Description,Column1,,,,,,,,,,,,,,,,,,,,,,,,,,,,,,,,,,,,,,,,,,,,,,,,,,,,,,,,,,,,,,,,,,,,,,,,,,,,,,,,,,,,,,,,,,,,,,,,,,,,,,,,,,,,,,,,,,,,,,,,,,
INCOME,,,,,,,,,,,,,,,,,,,,,,,,,,,,,,,,,,,,,,,,,,,,,,,,,,,,,,,,,,,,,,,,,,,,,,,,,,,,,,,,,,,,,,,,,,,,,,,,,,,,,,,,,,,,,,,,,,,,,,,,,,,,
400000, Revenues,,,,,,,,,,,,,,,,,,,,,,,,,,,,,,,,,,,,,,,,,,,,,,,,,,,,,,,,,,,,,,,,,,,,,,,,,,,,,,,,,,,,,,,,,,,,,,,,,,,,,,,,,,,,,,,,,,,,,,,,,,,
410100, Services,,,,,,,,,,,,,,,,,,,,,,,,,,,,,,,,,,,,,,,,,,,,,,,,,,,,,,,,,,,,,,,,,,,,,,,,,,,,,,,,,,,,,,,,,,,,,,,,,,,,,,,,,,,,,,,,,,,,,,,,,,,
410101, Audio,410100,0 ,0 ,0 ,0 ,,0 ,0 ,0 ,0 ,0 ,,0 ,0 ,0 ,,0 ,"883,858 ","-883,858 ",,0 ,0 ,0 ,,0 ,0 ,0 ,,0 ,0 ,0 ,,0 ,0 ,0 ,,0 ,0 ,0 ,,0 ,0 ,0 ,,0 ,0 ,0 ,,0 ,0 ,0 ,,0 ,0 ,0 ,,0 ,0 ,0 ,,0 ,0 ,0 ,,0 ,0 ,0 ,,0 ,0 ,0 ,,0 ,0 ,0 ,,0 ,0 ,0 ,,0 ,0 ,0 ,,0 ,0 ,0 ,,0 ,0 ,0 ,,0 ,0 ,0 ,,0 ,0 ,0 ,,0 ,0 ,0 ,,0 ,0 ,0 ,,0 ,0 ,0 ,,0 ,0 ,0 ,,0 ,0 ,0 ,,0 ,0 ,0 
410102, Text,,0 ,,0 ,0 ,,0 ,0 ,0 ,0 ,0 ,,0 ,0 ,0 ,,0 ,"11,787 ","-11,787 ",,0 ,0 ,0 ,,0 ,0 ,0 ,,0 ,0 ,0 ,,0 ,0 ,0 ,,0 ,0 ,0 ,,0 ,0 ,0 ,,0 ,0 ,0 ,,0 ,"64,137 ","-64,137 ",,0 ,0 ,0 ,,0 ,0 ,0 ,,0 ,0 ,0 ,,0 ,0 ,0 ,,0 ,0 ,0 ,,0 ,0 ,0 ,,0 ,0 ,0 ,,0 ,0 ,0 ,,0 ,0 ,0 ,,0 ,0 ,0 ,,0 ,0 ,0 ,,0 ,0 ,0 ,,0 ,0 ,0 ,,0 ,0 ,0 ,,0 ,0 ,0 ,,0 ,0 ,0 ,,0 ,0 ,0 ,,0 ,0 ,0 
410103,Image,,0 ,,0 ,0 ,,0 ,0 ,0 ,0 ,0 ,,0 ,0 ,0 ,,0 ,"108,759 ","-108,759 ",,0 ,0 ,0 ,,0 ,0 ,0 ,,0 ,0 ,0 ,,0 ,0 ,0 ,,0 ,0 ,0 ,,0 ,0 ,0 ,,0 ,0 ,0 ,,0 ,"732,078 ","-732,078 ",,0 ,0 ,0 ,,0 ,0 ,0 ,,0 ,0 ,0 ,,0 ,0 ,0 ,,0 ,0 ,0 ,,0 ,0 ,0 ,,0 ,0 ,0 ,,0 ,0 ,0 ,,0 ,0 ,0 ,,0 ,0 ,0 ,,0 ,0 ,0 ,,0 ,0 ,0 ,,0 ,0 ,0 ,,0 ,0 ,0 ,,0 ,0 ,0 ,,0 ,0 ,0 ,,0 ,0 ,0 ,,0 ,0 ,0 
410104, Video,,0 ,,0 ,0 ,,0 ,0 ,0 ,0 ,0 ,,0 ,0 ,0 ,,0 ,"97,646 ","-97,646 ",,0 ,0 ,0 ,,0 ,0 ,0 ,,0 ,0 ,0 ,,0 ,0 ,0 ,,0 ,0 ,0 ,,0 ,0 ,0 ,,0 ,0 ,0 ,,0 ,0 ,0 ,,0 ,0 ,0 ,,0 ,0 ,0 ,,0 ,0 ,0 ,,0 ,0 ,0 ,,0 ,0 ,0 ,,0 ,0 ,0 ,,0 ,0 ,0 ,,0 ,0 ,0 ,,0 ,0 ,0 ,,0 ,0 ,0 ,,0 ,0 ,0 ,,0 ,0 ,0 ,,0 ,0 ,0 ,,0 ,0 ,0 ,,0 ,0 ,0 ,,0 ,0 ,0 ,,0 ,0 ,0 ,,0 ,0 ,0 
410106, Other Income,,0 ,,0 ,0 ,,0 ,0 ,0 ,0 ,0 ,,0 ,0 ,0 ,,0 ,0 ,0 ,,0 ,0 ,0 ,,0 ,0 ,0 ,,0 ,0 ,0 ,,0 ,0 ,0 ,,0 ,0 ,0 ,,0 ,0 ,0 ,,0 ,0 ,0 ,,0 ,0 ,0 ,,0 ,0 ,0 ,,0 ,0 ,0 ,,0 ,0 ,0 ,,0 ,0 ,0 ,,0 ,0 ,0 ,,0 ,0 ,0 ,,0 ,0 ,0 ,,0 ,0 ,0 ,,0 ,0 ,0 ,,0 ,0 ,0 ,,0 ,0 ,0 ,,0 ,0 ,0 ,,0 ,0 ,0 ,,0 ,0 ,0 ,,0 ,0 ,0 ,,0 ,0 ,0 ,,0 ,0 ,0 ,,0 ,0 ,0 
410201,Equipment Sales,410200,0 ,0 ,0 ,0 ,,0 ,0 ,0 ,0 ,0 ,,0 ,0 ,0 ,,0 ,"11,900 ","-11,900 ",,0 ,0 ,0 ,,0 ,0 ,0 ,,0 ,0 ,0 ,,0 ,0 ,0 ,,0 ,0 ,0 ,,0 ,0 ,0 ,,0 ,0 ,0 ,,0 ,0 ,0 ,,0 ,0 ,0 ,,0 ,0 ,0 ,,0 ,0 ,0 ,,0 ,0 ,0 ,,0 ,0 ,0 ,,0 ,0 ,0 ,,0 ,0 ,0 ,,0 ,0 ,0 ,,0 ,0 ,0 ,,0 ,0 ,0 ,,0 ,0 ,0 ,,0 ,0 ,0 ,,0 ,0 ,0 ,,0 ,0 ,0 ,,0 ,0 ,0 ,,0 ,0 ,0 ,,0 ,0 ,0 ,,0 ,0 ,0 
Total 40100, Services,,0 ,0 ,0 ,0 ,0 ,0 ,0 ,0 ,0 ,0 ,,0 ,0 ,0 ,,0 ,"1,113,950 ","-1,113,950 ",,0 ,0 ,0 ,,0 ,0 ,0 ,,0 ,0 ,0 ,,0 ,0 ,0 ,,0 ,0 ,0 ,,0 ,0 ,0 ,,0 ,0 ,0 ,,0 ,"796,215 ","-796,215 ",,0 ,0 ,0 ,,0 ,0 ,0 ,,0 ,0 ,0 ,,0 ,0 ,0 ,,0 ,0 ,0 ,,0 ,0 ,0 ,,0 ,0 ,0 ,,0 ,0 ,0 ,,0 ,0 ,0 ,,0 ,0 ,0 ,,0 ,0 ,0 ,,0 ,0 ,0 ,,0 ,0 ,0 ,,0 ,0 ,0 ,,0 ,0 ,0 ,,0 ,0 ,0 ,,0 ,0 ,0 ,,0 ,0 ,0 
410301, Sales Deferred,,0 ,0 ,0 ,0 ,,0 ,0 ,0 ,0 ,0 ,,0 ,0 ,0 ,,0 ,0 ,0 ,,0 ,0 ,0 ,,0 ,0 ,0 ,,0 ,0 ,0 ,,0 ,0 ,0 ,,0 ,0 ,0 ,,0 ,0 ,0 ,,0 ,0 ,0 ,,0 ,0 ,0 ,,0 ,0 ,0 ,,0 ,0 ,0 ,,0 ,0 ,0 ,,0 ,0 ,0 ,,0 ,0 ,0 ,,0 ,0 ,0 ,,0 ,0 ,0 ,,0 ,0 ,0 ,,0 ,0 ,0 ,,0 ,0 ,0 ,,0 ,0 ,0 ,,0 ,0 ,0 ,,0 ,0 ,0 ,,0 ,0 ,0 ,,0 ,0 ,0 ,,0 ,0 ,0 ,,0 ,0 ,0 ,,0 ,0 ,0 
410302, Discounts/Refunds Given,410300,0 ,0 ,0 ,0 ,,0 ,0 ,0 ,0 ,0 ,,0 ,0 ,0 ,,0 ,0 ,0 ,,0 ,0 ,0 ,,0 ,0 ,0 ,,0 ,0 ,0 ,,0 ,0 ,0 ,,0 ,0 ,0 ,,0 ,0 ,0 ,,0 ,0 ,0 ,,0 ,0 ,0 ,,0 ,0 ,0 ,,0 ,0 ,0 ,,0 ,0 ,0 ,,0 ,0 ,0 ,,0 ,0 ,0 ,,0 ,0 ,0 ,,0 ,0 ,0 ,,0 ,0 ,0 ,,0 ,0 ,0 ,,0 ,0 ,0 ,,0 ,0 ,0 ,,0 ,0 ,0 ,,0 ,0 ,0 ,,0 ,0 ,0 ,,0 ,0 ,0 ,,0 ,0 ,0 ,,0 ,0 ,0 ,,0 ,0 ,0 
Total 40000, Revenues,,0 ,0 ,0 ,0 ,0 ,0 ,0 ,0 ,0 ,0 ,,0 ,0 ,0 ,,0 ,"1,113,950 ","-1,113,950 ",,0 ,0 ,0 ,,0 ,0 ,0 ,,0 ,0 ,0 ,,0 ,0 ,0 ,,0 ,0 ,0 ,,0 ,0 ,0 ,,0 ,0 ,0 ,,0 ,"796,215 ","-796,215 ",,0 ,0 ,0 ,,0 ,0 ,0 ,,0 ,0 ,0 ,,0 ,0 ,0 ,,0 ,0 ,0 ,,0 ,0 ,0 ,,0 ,0 ,0 ,,0 ,0 ,0 ,,0 ,0 ,0 ,,0 ,0 ,0 ,,0 ,0 ,0 ,,0 ,0 ,0 ,,0 ,0 ,0 ,,0 ,0 ,0 ,,0 ,0 ,0 ,,0 ,0 ,0 ,,0 ,0 ,0 ,,0 ,0 ,0 
Total Income,,,,,,#DIV/0!,,,,#DIV/0!,,,,,,,,,,,,,,,,,,,,,,,,,,,,,,,,,,,,,,,,,,,,,,,,,,,,,,,,,,,,,,,,,,,,,,,,,,,,,,,,,,,,,,,,,,,,,,,,,,,,,,,,,,,,,,,,,,
COST OF GOODS SOLD,,,,,,,,,,,,,,,,,,,,,,,,,,,,,,,,,,,,,,,,,,,,,,,,,,,,,,,,,,,,,,,,,,,,,,,,,,,,,,,,,,,,,,,,,,,,,,,,,,,,,,,,,,,,,,,,,,,,,,,,,,,,
510000, HR Cost - COPS,,,,,,,,,,,,,,,,,,,,,,,,,,,,,,,,,,,,,,,,,,,,,,,,,,,,,,,,,,,,,,,,,,,,,,,,,,,,,,,,,,,,,,,,,,,,,,,,,,,,,,,,,,,,,,,,,,,,,,,,,,,
510000, HR Cost - COPS,,,,,,,,,,,,,,,,,,,,,,,,,,,,,,,,,,,,,,,,,,,,,,,,,,,,,,,,,,,,,,,,,,,,,,,,,,,,,,,,,,,,,,,,,,,,,,,,,,,,,,,,,,,,,,,,,,,,,,,,,,,
510100, Salaries & Wagaies,,0 ,,,0 ,,0 ,0 ,0 ,0 ,,,0 ,0 ,0 ,,0 ,0 ,0 ,,0 ,0 ,0 ,,0 ,0 ,0 ,,0 ,0 ,0 ,,0 ,0 ,0 ,,0 ,0 ,0 ,,0 ,0 ,0 ,,0 ,0 ,0 ,,0 ,0 ,0 ,,,,,,,,,,,,,,,,,,,,,,,,,,,,,,,,,,,,,,,,,,,,,,,,,,,,,,,,,,,,,,,,,,,,,,,,
510101, Salaries & Wages,510100,0 ,0 ,0 ,0 ,,0 ,0 ,0 ,0 ,0 ,,0 ,0 ,0 ,,0 ,"185,912 ","-185,912 ",,0 ,"37,392 ","-37,392 ",,0 ,"23,700 ","-23,700 ",,0 ,0 ,0 ,,0 ,"19,160 ","-19,160 ",,0 ,0 ,0 ,,0 ,"39,916 ","-39,916 ",,0 ,0 ,0 ,,0 ,"31,092 ","-31,092 ",,0 ,0 ,0 ,,0 ,0 ,0 ,,0 ,0 ,0 ,,0 ,0 ,0 ,,0 ,0 ,0 ,,0 ,0 ,0 ,,0 ,0 ,0 ,,0 ,0 ,0 ,,0 ,0 ,0 ,,0 ,0 ,0 ,,0 ,0 ,0 ,,0 ,0 ,0 ,,0 ,0 ,0 ,,0 ,0 ,0 ,,0 ,0 ,0 ,,0 ,0 ,0 ,,0 ,0 ,0 ,,0 ,0 ,0 
510105,Ovetime,,0 ,0 ,0 ,0 ,,0 ,0 ,0 ,0 ,0 ,,0 ,0 ,0 ,,0 ,0 ,0 ,,0 ,0 ,0 ,,0 ,0 ,0 ,,0 ,0 ,0 ,,0 ,0 ,0 ,,0 ,0 ,0 ,,0 ,"4,283 ","-4,283 ",,0 ,0 ,0 ,,0 ,0 ,0 ,,0 ,0 ,0 ,,0 ,0 ,0 ,,0 ,0 ,0 ,,0 ,0 ,0 ,,0 ,0 ,0 ,,0 ,0 ,0 ,,0 ,0 ,0 ,,0 ,0 ,0 ,,0 ,0 ,0 ,,0 ,0 ,0 ,,0 ,0 ,0 ,,0 ,0 ,0 ,,0 ,0 ,0 ,,0 ,0 ,0 ,,0 ,0 ,0 ,,0 ,0 ,0 ,,0 ,0 ,0 ,,0 ,0 ,0 
Total 510100,Total Salaries & Wages,,0 ,0 ,0 ,0 ,0 ,0 ,0 ,0 ,0 ,0 ,,0 ,0 ,0 ,,0 ,"185,912 ","-185,912 ",,0 ,"37,392 ","-37,392 ",,0 ,"23,700 ","-23,700 ",,0 ,0 ,0 ,,0 ,"19,160 ","-19,160 ",,0 ,0 ,0 ,,0 ,"44,200 ","-44,200 ",,0 ,0 ,0 ,,0 ,"31,092 ","-31,092 ",,0 ,0 ,0 ,,0 ,0 ,0 ,,0 ,0 ,0 ,,0 ,0 ,0 ,,0 ,0 ,0 ,,0 ,0 ,0 ,,0 ,0 ,0 ,,0 ,0 ,0 ,,0 ,0 ,0 ,,0 ,0 ,0 ,,0 ,0 ,0 ,,0 ,0 ,0 ,,0 ,0 ,0 ,,0 ,0 ,0 ,,0 ,0 ,0 ,,0 ,0 ,0 ,,0 ,0 ,0 ,,0 ,0 ,0 
510300,HR Cost - COPS:Part-Time/Casual/Contractor,,0 ,,,0 ,,0 ,0 ,0 ,0 ,,,0 ,0 ,0 ,,0 ,0 ,0 ,,0 ,0 ,0 ,,0 ,0 ,0 ,,0 ,0 ,0 ,,0 ,0 ,0 ,,0 ,0 ,0 ,,0 ,0 ,0 ,,0 ,0 ,0 ,,0 ,0 ,0 ,,,,,,,,,,,,,,,,,,,,,,,,,,,,,,,,,,,,,,,,,,,,,,,,,,,,,,,,,,,,,,,,,,,,,,,,
510301,Contractor Charges,510300,0 ,0 ,0 ,0 ,,0 ,0 ,0 ,0 ,0 ,,0 ,0 ,0 ,,0 ,0 ,0 ,,0 ,0 ,0 ,,0 ,0 ,0 ,,0 ,0 ,0 ,,0 ,0 ,0 ,,0 ,0 ,0 ,,0 ,0 ,0 ,,0 ,0 ,0 ,,0 ,"19,164 ","-19,164 ",,0 ,0 ,0 ,,0 ,0 ,0 ,,0 ,0 ,0 ,,0 ,0 ,0 ,,0 ,0 ,0 ,,0 ,0 ,0 ,,0 ,0 ,0 ,,0 ,0 ,0 ,,0 ,0 ,0 ,,0 ,0 ,0 ,,0 ,0 ,0 ,,0 ,0 ,0 ,,0 ,0 ,0 ,,0 ,0 ,0 ,,0 ,0 ,0 ,,0 ,0 ,0 ,,0 ,0 ,0 ,,0 ,0 ,0 
510302,Salaries & Wages Hourly Employees,,0 ,0 ,0 ,0 ,,0 ,0 ,0 ,0 ,0 ,,0 ,0 ,0 ,,0 ,0 ,0 ,,0 ,0 ,0 ,,0 ,0 ,0 ,,0 ,0 ,0 ,,0 ,0 ,0 ,,0 ,0 ,0 ,,0 ,0 ,0 ,,0 ,0 ,0 ,,0 ,0 ,0 ,,0 ,0 ,0 ,,0 ,0 ,0 ,,0 ,0 ,0 ,,0 ,0 ,0 ,,0 ,0 ,0 ,,0 ,0 ,0 ,,0 ,0 ,0 ,,0 ,0 ,0 ,,0 ,0 ,0 ,,0 ,0 ,0 ,,0 ,0 ,0 ,,0 ,0 ,0 ,,0 ,0 ,0 ,,0 ,0 ,0 ,,0 ,0 ,0 ,,0 ,0 ,0 ,,0 ,0 ,0 ,,0 ,0 ,0 
Total 510300, Salaries & Wagaies,,0 ,0 ,0 ,0 ,0 ,0 ,0 ,0 ,0 ,0 ,,0 ,0 ,0 ,,0 ,0 ,0 ,,0 ,0 ,0 ,,0 ,0 ,0 ,,0 ,0 ,0 ,,0 ,0 ,0 ,,0 ,0 ,0 ,,0 ,0 ,0 ,,0 ,0 ,0 ,,0 ,"19,164 ","19,164 ",,0 ,0 ,0 ,,0 ,0 ,0 ,,0 ,0 ,0 ,,0 ,0 ,0 ,,0 ,0 ,0 ,,0 ,0 ,0 ,,0 ,0 ,0 ,,0 ,0 ,0 ,,0 ,0 ,0 ,,0 ,0 ,0 ,,0 ,0 ,0 ,,0 ,0 ,0 ,,0 ,0 ,0 ,,0 ,0 ,0 ,0 ,0 ,0 ,0 ,,0 ,0 ,0 ,,0 ,0 ,0 ,,0 ,0 ,0 
510400, Social insurance,,0 ,,,0 ,,0 ,0 ,0 ,0 ,,,0 ,0 ,0 ,,0 ,0 ,0 ,,0 ,0 ,0 ,,0 ,0 ,0 ,,0 ,0 ,0 ,,0 ,0 ,0 ,,0 ,0 ,0 ,,0 ,0 ,0 ,,0 ,0 ,0 ,,0 ,0 ,0 ,,,,,,,,,,,,,,,,,,,,,,,,,,,,,,,,,,,,,,,,,,,,,,,,,,,,,,,,,,,,,,,,,,,,,,,,
510401, EMPLOYEE HEALTH TAX  EHT,510400,0 ,0 ,0 ,0 ,,0 ,0 ,0 ,0 ,0 ,,0 ,0 ,0 ,,0 ,"2,397 ","-2,397 ",,0 ,0 ,0 ,,0 ,0 ,0 ,,0 ,0 ,0 ,,0 ,0 ,0 ,,0 ,0 ,0 ,,0 ,0 ,0 ,,0 ,0 ,0 ,,0 ,"4,776 ","-4,776 ",,0 ,0 ,0 ,,0 ,0 ,0 ,,0 ,0 ,0 ,,0 ,0 ,0 ,,0 ,0 ,0 ,,0 ,0 ,0 ,,0 ,0 ,0 ,,0 ,0 ,0 ,,0 ,0 ,0 ,,0 ,0 ,0 ,,0 ,0 ,0 ,,0 ,0 ,0 ,,0 ,0 ,0 ,,0 ,0 ,0 ,,0 ,0 ,0 ,,0 ,0 ,0 ,,0 ,0 ,0 ,,0 ,0 ,0 
510402, Quebec hsf (health) expense,,0 ,0 ,0 ,0 ,,0 ,0 ,0 ,0 ,0 ,,0 ,0 ,0 ,,0 ,"1,328 ","-1,328 ",,0 ,0 ,0 ,,0 ,0 ,0 ,,0 ,0 ,0 ,,0 ,0 ,0 ,,0 ,0 ,0 ,,0 ,0 ,0 ,,0 ,0 ,0 ,,0 ,0 ,0 ,,0 ,0 ,0 ,,0 ,0 ,0 ,,0 ,0 ,0 ,,0 ,0 ,0 ,,0 ,0 ,0 ,,0 ,0 ,0 ,,0 ,0 ,0 ,,0 ,0 ,0 ,,0 ,0 ,0 ,,0 ,0 ,0 ,,0 ,0 ,0 ,,0 ,0 ,0 ,,0 ,0 ,0 ,,0 ,0 ,0 ,,0 ,0 ,0 ,,0 ,0 ,0 ,,0 ,0 ,0 ,,0 ,0 ,0 
510403, QPIP company,,0 ,0 ,0 ,0 ,,0 ,0 ,0 ,0 ,0 ,,0 ,0 ,0 ,,0 ,481 ,-481 ,,0 ,0 ,0 ,,0 ,0 ,0 ,,0 ,0 ,0 ,,0 ,0 ,0 ,,0 ,0 ,0 ,,0 ,0 ,0 ,,0 ,0 ,0 ,,0 ,0 ,0 ,,0 ,0 ,0 ,,0 ,0 ,0 ,,0 ,0 ,0 ,,0 ,0 ,0 ,,0 ,0 ,0 ,,0 ,0 ,0 ,,0 ,0 ,0 ,,0 ,0 ,0 ,,0 ,0 ,0 ,,0 ,0 ,0 ,,0 ,0 ,0 ,,0 ,0 ,0 ,,0 ,0 ,0 ,,0 ,0 ,0 ,,0 ,0 ,0 ,,0 ,0 ,0 ,,0 ,0 ,0 ,,0 ,0 ,0 
510404, QPP company,,0 ,0 ,0 ,0 ,,0 ,0 ,0 ,0 ,0 ,,0 ,0 ,0 ,,0 ,"3,801 ","-3,801 ",,0 ,0 ,0 ,,0 ,0 ,0 ,,0 ,0 ,0 ,,0 ,0 ,0 ,,0 ,0 ,0 ,,0 ,0 ,0 ,,0 ,0 ,0 ,,0 ,0 ,0 ,,0 ,0 ,0 ,,0 ,0 ,0 ,,0 ,0 ,0 ,,0 ,0 ,0 ,,0 ,0 ,0 ,,0 ,0 ,0 ,,0 ,0 ,0 ,,0 ,0 ,0 ,,0 ,0 ,0 ,,0 ,0 ,0 ,,0 ,0 ,0 ,,0 ,0 ,0 ,,0 ,0 ,0 ,,0 ,0 ,0 ,,0 ,0 ,0 ,,0 ,0 ,0 ,,0 ,0 ,0 ,,0 ,0 ,0 
510405, EI company,,0 ,0 ,0 ,0 ,,0 ,0 ,0 ,0 ,0 ,,0 ,0 ,0 ,,0 ,"4,051 ","-4,051 ",,0 ,"1,492 ","-1,492 ",,0 ,925 ,-925 ,,0 ,0 ,0 ,,0 ,450 ,-450 ,,0 ,0 ,0 ,,0 ,10 ,-10 ,,0 ,0 ,0 ,,0 ,0 ,0 ,,0 ,0 ,0 ,,0 ,0 ,0 ,,0 ,0 ,0 ,,0 ,0 ,0 ,,0 ,0 ,0 ,,0 ,0 ,0 ,,0 ,0 ,0 ,,0 ,0 ,0 ,,0 ,0 ,0 ,,0 ,0 ,0 ,,0 ,0 ,0 ,,0 ,0 ,0 ,,0 ,0 ,0 ,,0 ,0 ,0 ,,0 ,0 ,0 ,,0 ,0 ,0 ,,0 ,0 ,0 ,,0 ,0 ,0 
510406, CPP company,,0 ,0 ,0 ,0 ,,0 ,0 ,0 ,0 ,0 ,,0 ,0 ,0 ,,0 ,"7,242 ","-7,242 ",,0 ,0 ,0 ,,0 ,0 ,0 ,,0 ,0 ,0 ,,0 ,0 ,0 ,,0 ,0 ,0 ,,0 ,"2,336 ","-2,336 ",,0 ,0 ,0 ,,0 ,0 ,0 ,,0 ,0 ,0 ,,0 ,0 ,0 ,,0 ,0 ,0 ,,0 ,0 ,0 ,,0 ,0 ,0 ,,0 ,0 ,0 ,,0 ,0 ,0 ,,0 ,0 ,0 ,,0 ,0 ,0 ,,0 ,0 ,0 ,,0 ,0 ,0 ,,0 ,0 ,0 ,,0 ,0 ,0 ,,0 ,0 ,0 ,,0 ,0 ,0 ,,0 ,0 ,0 ,,0 ,0 ,0 ,,0 ,0 ,0 
510407, WSIB pay,,0 ,0 ,0 ,0 ,,0 ,0 ,0 ,0 ,0 ,,0 ,0 ,0 ,,0 ,285 ,-285 ,,0 ,0 ,0 ,,0 ,0 ,0 ,,0 ,0 ,0 ,,0 ,0 ,0 ,,0 ,0 ,0 ,,0 ,0 ,0 ,,0 ,0 ,0 ,,0 ,0 ,0 ,,0 ,0 ,0 ,,0 ,0 ,0 ,,0 ,0 ,0 ,,0 ,0 ,0 ,,0 ,0 ,0 ,,0 ,0 ,0 ,,0 ,0 ,0 ,,0 ,0 ,0 ,,0 ,0 ,0 ,,0 ,0 ,0 ,,0 ,0 ,0 ,,0 ,0 ,0 ,,0 ,0 ,0 ,,0 ,0 ,0 ,,0 ,0 ,0 ,,0 ,0 ,0 ,,0 ,0 ,0 ,,0 ,0 ,0 
510408, CNESST,,0 ,0 ,0 ,0 ,,0 ,0 ,0 ,0 ,0 ,,0 ,0 ,0 ,,0 ,-223 ,223 ,,0 ,0 ,0 ,,0 ,0 ,0 ,,0 ,0 ,0 ,,0 ,0 ,0 ,,0 ,0 ,0 ,,0 ,0 ,0 ,,0 ,0 ,0 ,,0 ,0 ,0 ,,0 ,0 ,0 ,,0 ,0 ,0 ,,0 ,0 ,0 ,,0 ,0 ,0 ,,0 ,0 ,0 ,,0 ,0 ,0 ,,0 ,0 ,0 ,,0 ,0 ,0 ,,0 ,0 ,0 ,,0 ,0 ,0 ,,0 ,0 ,0 ,,0 ,0 ,0 ,,0 ,0 ,0 ,,0 ,0 ,0 ,,0 ,0 ,0 ,,0 ,0 ,0 ,,0 ,0 ,0 ,,0 ,0 ,0 
510409,Labour Welfare Fund,,0 ,0 ,0 ,0 ,,0 ,0 ,0 ,0 ,0 ,,0 ,0 ,0 ,,0 ,0 ,0 ,,0 ,0 ,0 ,,0 ,0 ,0 ,,0 ,0 ,0 ,,0 ,0 ,0 ,,0 ,0 ,0 ,,0 ,0 ,0 ,,0 ,0 ,0 ,,0 ,0 ,0 ,,0 ,0 ,0 ,,0 ,0 ,0 ,,0 ,0 ,0 ,,0 ,0 ,0 ,,0 ,0 ,0 ,,0 ,0 ,0 ,,0 ,0 ,0 ,,0 ,0 ,0 ,,0 ,0 ,0 ,,0 ,0 ,0 ,,0 ,0 ,0 ,,0 ,0 ,0 ,,0 ,0 ,0 ,,0 ,0 ,0 ,,0 ,0 ,0 ,,0 ,0 ,0 ,,0 ,0 ,0 ,,0 ,0 ,0 
510410,Employee Gratuity,,0 ,0 ,0 ,0 ,,0 ,0 ,0 ,0 ,0 ,,0 ,0 ,0 ,,0 ,0 ,0 ,,0 ,0 ,0 ,,0 ,0 ,0 ,,0 ,0 ,0 ,,0 ,0 ,0 ,,0 ,0 ,0 ,,0 ,0 ,0 ,,0 ,0 ,0 ,,0 ,0 ,0 ,,0 ,0 ,0 ,,0 ,0 ,0 ,,0 ,0 ,0 ,,0 ,0 ,0 ,,0 ,0 ,0 ,,0 ,0 ,0 ,,0 ,0 ,0 ,,0 ,0 ,0 ,,0 ,0 ,0 ,,0 ,0 ,0 ,,0 ,0 ,0 ,,0 ,0 ,0 ,,0 ,0 ,0 ,,0 ,0 ,0 ,,0 ,0 ,0 ,,0 ,0 ,0 ,,0 ,0 ,0 ,,0 ,0 ,0 
Total 510400, Social insurance,,0 ,0 ,0 ,0 ,0 ,0 ,0 ,0 ,0 ,0 ,,0 ,0 ,0 ,,0 ,"19,363 ","19,363 ",,0 ,"1,492 ","1,492 ",,0 ,925 ,925 ,,0 ,0 ,0 ,,0 ,450 ,450 ,,0 ,0 ,0 ,,0 ,"2,346 ","2,346 ",,0 ,0 ,0 ,,0 ,"4,776 ","4,776 ",,0 ,0 ,0 ,,0 ,0 ,0 ,,0 ,0 ,0 ,,0 ,0 ,0 ,,0 ,0 ,0 ,,0 ,0 ,0 ,,0 ,0 ,0 ,,0 ,0 ,0 ,,0 ,0 ,0 ,,0 ,0 ,0 ,,0 ,0 ,0 ,,0 ,0 ,0 ,,0 ,0 ,0 ,,0 ,0 ,0 ,,0 ,0 ,0 ,,0 ,0 ,0 ,,0 ,0 ,0 ,,0 ,0 ,0 
510500, Salaries & Wages OH,,0 ,,,,,,,,,,,0 ,0 ,0 ,,0 ,0 ,0 ,,0 ,0 ,0 ,,0 ,0 ,0 ,,0 ,0 ,0 ,,0 ,0 ,0 ,,0 ,0 ,0 ,,0 ,0 ,0 ,,0 ,0 ,0 ,,0 ,0 ,0 ,,,,,,,,,,,,,,,,,,,,,,,,,,,,,,,,,,,,,,,,,,,,,,,,,,,,,,,,,,,,,,,,,,,,,,,,
510501,Holiday,510500,0 ,0 ,0 ,0 ,,0 ,0 ,0 ,0 ,0 ,,0 ,0 ,0 ,,0 ,0 ,0 ,,0 ,0 ,0 ,,0 ,0 ,0 ,,0 ,0 ,0 ,,0 ,0 ,0 ,,0 ,0 ,0 ,,0 ,0 ,0 ,,0 ,0 ,0 ,,0 ,0 ,0 ,,0 ,0 ,0 ,,0 ,0 ,0 ,,0 ,0 ,0 ,,0 ,0 ,0 ,,0 ,0 ,0 ,,0 ,0 ,0 ,,0 ,0 ,0 ,,0 ,0 ,0 ,,0 ,0 ,0 ,,0 ,0 ,0 ,,0 ,0 ,0 ,,0 ,0 ,0 ,,0 ,0 ,0 ,,0 ,0 ,0 ,,0 ,0 ,0 ,,0 ,0 ,0 ,,0 ,0 ,0 ,,0 ,0 ,0 
510502, Vacation,510500,0 ,0 ,0 ,0 ,,0 ,0 ,0 ,0 ,0 ,,0 ,0 ,0 ,,0 ,"7,712 ","-7,712 ",,0 ,0 ,0 ,,0 ,0 ,0 ,,0 ,0 ,0 ,,0 ,511 ,-511 ,,0 ,0 ,0 ,,0 ,0 ,0 ,,0 ,0 ,0 ,,0 ,0 ,0 ,,0 ,0 ,0 ,,0 ,0 ,0 ,,0 ,0 ,0 ,,0 ,0 ,0 ,,0 ,0 ,0 ,,0 ,0 ,0 ,,0 ,0 ,0 ,,0 ,0 ,0 ,,0 ,0 ,0 ,,0 ,0 ,0 ,,0 ,0 ,0 ,,0 ,0 ,0 ,,0 ,0 ,0 ,,0 ,0 ,0 ,,0 ,0 ,0 ,,0 ,0 ,0 ,,0 ,0 ,0 ,,0 ,0 ,0 
510503,Overtime,,0 ,0 ,0 ,0 ,,0 ,0 ,0 ,0 ,0 ,,0 ,0 ,0 ,,0 ,0 ,0 ,,0 ,0 ,0 ,,0 ,0 ,0 ,,0 ,0 ,0 ,,0 ,0 ,0 ,,0 ,0 ,0 ,,0 ,0 ,0 ,,0 ,0 ,0 ,,0 ,0 ,0 ,,0 ,0 ,0 ,,0 ,0 ,0 ,,0 ,0 ,0 ,,0 ,0 ,0 ,,0 ,0 ,0 ,,0 ,0 ,0 ,,0 ,0 ,0 ,,0 ,0 ,0 ,,0 ,0 ,0 ,,0 ,0 ,0 ,,0 ,0 ,0 ,,0 ,0 ,0 ,,0 ,0 ,0 ,,0 ,0 ,0 ,,0 ,0 ,0 ,,0 ,0 ,0 ,,0 ,0 ,0 ,,0 ,0 ,0 
Total 510500, Salaries & Wages OH,,0 ,0 ,0 ,0 ,0 ,0 ,0 ,0 ,0 ,0 ,,0 ,0 ,0 ,,0 ,"7,712 ","-7,712 ",,0 ,0 ,0 ,,0 ,0 ,0 ,,0 ,0 ,0 ,,0 ,511 ,-511 ,,0 ,0 ,0 ,,0 ,0 ,0 ,,0 ,0 ,0 ,,0 ,0 ,0 ,,0 ,0 ,0 ,,0 ,0 ,0 ,,0 ,0 ,0 ,,0 ,0 ,0 ,,0 ,0 ,0 ,,0 ,0 ,0 ,,0 ,0 ,0 ,,0 ,0 ,0 ,,0 ,0 ,0 ,,0 ,0 ,0 ,,0 ,0 ,0 ,,0 ,0 ,0 ,,0 ,0 ,0 ,,0 ,0 ,0 ,,0 ,0 ,0 ,,0 ,0 ,0 ,,0 ,0 ,0 ,,0 ,0 ,0 
510600, Bonus,,0 ,,,0 ,,0 ,0 ,0 ,0 ,,,,,,,,,,,,,,,,,,,,,,,,,,,,,,,,,,,,,,,,,,,,,,,,,,,,,,,,,,,,,,,,,,,,,,,,,,,,,,,,,,,,,,,,,,,,,,,,,,,,,,,,,,,,,,,,,
510601, Bonus/incentive,510600,0 ,0 ,0 ,0 ,,0 ,0 ,0 ,0 ,0 ,,0 ,0 ,0 ,,0 ,"4,939 ","-4,939 ",,0 ,0 ,0 ,,0 ,0 ,0 ,,0 ,0 ,0 ,,0 ,355 ,-355 ,,0 ,0 ,0 ,,0 ,308 ,-308 ,,0 ,0 ,0 ,,0 ,0 ,0 ,,0 ,0 ,0 ,,0 ,0 ,0 ,,0 ,0 ,0 ,,0 ,0 ,0 ,,0 ,0 ,0 ,,0 ,0 ,0 ,,0 ,0 ,0 ,,0 ,0 ,0 ,,0 ,0 ,0 ,,0 ,0 ,0 ,,0 ,0 ,0 ,,0 ,0 ,0 ,,0 ,0 ,0 ,,0 ,0 ,0 ,,0 ,0 ,0 ,,0 ,0 ,0 ,,0 ,0 ,0 ,,0 ,0 ,0 
Total 510600, Bonus,,0 ,0 ,0 ,0 ,0 ,0 ,0 ,0 ,0 ,0 ,,0 ,0 ,0 ,,0 ,"4,939 ","4,939 ",,0 ,0 ,0 ,,0 ,0 ,0 ,,0 ,0 ,0 ,,0 ,355 ,355 ,,0 ,0 ,0 ,,0 ,308 ,308 ,,0 ,0 ,0 ,,0 ,0 ,0 ,,0 ,0 ,0 ,,0 ,0 ,0 ,,0 ,0 ,0 ,,0 ,0 ,0 ,,0 ,0 ,0 ,,0 ,0 ,0 ,,0 ,0 ,0 ,,0 ,0 ,0 ,,0 ,0 ,0 ,,0 ,0 ,0 ,,0 ,0 ,0 ,,0 ,0 ,0 ,,0 ,0 ,0 ,,0 ,0 ,0 ,,0 ,0 ,0 ,,0 ,0 ,0 ,,0 ,0 ,0 ,,0 ,0 ,0 
510700, Benefits,,0 ,,,0 ,,0 ,0 ,0 ,0 ,,,0 ,0 ,0 ,,0 ,0 ,0 ,,0 ,0 ,0 ,,0 ,0 ,0 ,,0 ,0 ,0 ,,0 ,0 ,0 ,,0 ,0 ,0 ,,0 ,0 ,0 ,,0 ,0 ,0 ,,0 ,0 ,0 ,,,,,,,,,,,,,,,,,,,,,,,,,,,,,,,,,,,,,,,,,,,,,,,,,,,,,,,,,,,,,,,,,,,,,,,,
510701, health Insurance,510700,0 ,0 ,0 ,0 ,,0 ,0 ,0 ,0 ,0 ,,0 ,0 ,0 ,,0 ,926 ,-926 ,,0 ,0 ,0 ,,0 ,0 ,0 ,,0 ,0 ,0 ,,0 ,0 ,0 ,,0 ,0 ,0 ,,0 ,630 ,-630 ,,0 ,0 ,0 ,,0 ,0 ,0 ,,0 ,0 ,0 ,,0 ,0 ,0 ,,0 ,0 ,0 ,,0 ,0 ,0 ,,0 ,0 ,0 ,,0 ,0 ,0 ,,0 ,0 ,0 ,,0 ,0 ,0 ,,0 ,0 ,0 ,,0 ,0 ,0 ,,0 ,0 ,0 ,,0 ,0 ,0 ,,0 ,0 ,0 ,,0 ,0 ,0 ,,0 ,0 ,0 ,,0 ,0 ,0 ,,0 ,0 ,0 ,,0 ,0 ,0 
510702, Allowances,,0 ,,,0 ,,0 ,0 ,0 ,0 ,0 ,,0 ,0 ,0 ,,0 ,0 ,0 ,,0 ,591 ,-591 ,,0 ,0 ,0 ,,0 ,0 ,0 ,,0 ,0 ,0 ,,0 ,0 ,0 ,,0 ,0 ,0 ,,0 ,0 ,0 ,,0 ,0 ,0 ,,0 ,0 ,0 ,,0 ,0 ,0 ,,0 ,0 ,0 ,,0 ,0 ,0 ,,0 ,0 ,0 ,,0 ,0 ,0 ,,0 ,0 ,0 ,,0 ,0 ,0 ,,0 ,0 ,0 ,,0 ,0 ,0 ,,0 ,0 ,0 ,,0 ,0 ,0 ,,,,,,,,,,,,,,,,,,,,,,,,
510703,Pension,,0 ,,,0 ,,0 ,0 ,0 ,0 ,0 ,,0 ,0 ,0 ,,0 ,0 ,0 ,,0 ,0 ,0 ,,0 ,604 ,-604 ,,0 ,0 ,0 ,,0 ,0 ,0 ,,0 ,0 ,0 ,,0 ,0 ,0 ,,0 ,0 ,0 ,,0 ,0 ,0 ,,0 ,0 ,0 ,,0 ,0 ,0 ,,0 ,0 ,0 ,,0 ,0 ,0 ,,0 ,0 ,0 ,,0 ,0 ,0 ,,0 ,0 ,0 ,,0 ,0 ,0 ,,0 ,0 ,0 ,,0 ,0 ,0 ,,0 ,0 ,0 ,,0 ,0 ,0 ,,,,,,,,,,,,,,,,,,,,,,,,
Total 510700, Benefits,,0 ,0 ,0 ,0 ,0 ,0 ,0 ,0 ,0 ,0 ,,0 ,0 ,0 ,,0 ,926 ,-926 ,,0 ,591 ,-591 ,,0 ,604 ,-604 ,,0 ,0 ,0 ,,0 ,0 ,0 ,,0 ,0 ,0 ,,0 ,630 ,-630 ,0,0 ,0 ,0 ,,0 ,0 ,0 ,,0 ,0 ,0 ,,0 ,0 ,0 ,,0 ,0 ,0 ,,0 ,0 ,0 ,,0 ,0 ,0 ,,0 ,0 ,0 ,,0 ,0 ,0 ,,0 ,0 ,0 ,,0 ,0 ,0 ,,0 ,0 ,0 ,,0 ,0 ,0 ,,0 ,0 ,0 ,,0 ,0 ,0 ,,0 ,0 ,0 ,,0 ,0 ,0 ,,0 ,0 ,0 ,,0 ,0 ,0 ,,0 ,0 ,0 
510800, Recruitment,,0 ,,,0 ,,0 ,0 ,0 ,0 ,,,0 ,0 ,0 ,,0 ,0 ,0 ,,0 ,0 ,0 ,,0 ,0 ,0 ,,0 ,0 ,0 ,,0 ,0 ,0 ,,0 ,0 ,0 ,,0 ,0 ,0 ,,0 ,0 ,0 ,,0 ,0 ,0 ,,,,,,,,,,,,,,,,,,,,,,,,,,,,,,,,,,,,,,,,,,,,,,,,,,,,,,,,,,,,,,,,,,,,,,,,
510801,Hiring Ads,510800,0 ,0 ,0 ,0 ,,0 ,0 ,0 ,0 ,0 ,,0 ,0 ,0 ,,0 ,51 ,-51 ,,0 ,0 ,0 ,,0 ,0 ,0 ,,0 ,0 ,0 ,,0 ,0 ,0 ,,0 ,0 ,0 ,,0 ,772 ,-772 ,,0 ,0 ,0 ,,0 ,0 ,-0 ,,0 ,0 ,0 ,,0 ,0 ,0 ,,0 ,0 ,0 ,,0 ,0 ,0 ,,0 ,0 ,0 ,,0 ,0 ,0 ,,0 ,0 ,0 ,,0 ,0 ,0 ,,0 ,0 ,0 ,,0 ,0 ,0 ,,0 ,0 ,0 ,,0 ,0 ,0 ,,0 ,0 ,0 ,,0 ,0 ,0 ,,0 ,0 ,0 ,,0 ,0 ,0 ,,0 ,0 ,0 ,,0 ,0 ,0 
510802,Recruitment Fee,,0 ,0 ,0 ,0 ,,0 ,0 ,0 ,0 ,0 ,,0 ,0 ,0 ,,0 ,0 ,0 ,,0 ,0 ,0 ,,0 ,0 ,0 ,,0 ,0 ,0 ,,0 ,152 ,-152 ,,0 ,0 ,0 ,,0 ,0 ,0 ,,0 ,0 ,0 ,,0 ,0 ,0 ,,0 ,0 ,0 ,,0 ,0 ,0 ,,0 ,0 ,0 ,,0 ,0 ,0 ,,0 ,0 ,0 ,,0 ,0 ,0 ,,0 ,0 ,0 ,,0 ,0 ,0 ,,0 ,0 ,0 ,,0 ,0 ,0 ,,0 ,0 ,0 ,,0 ,0 ,0 ,,0 ,0 ,0 ,,0 ,0 ,0 ,,0 ,0 ,0 ,,0 ,0 ,0 ,,0 ,0 ,0 ,,0 ,0 ,0 
52304,Referral Bonus,,0 ,0 ,0 ,0 ,,0 ,0 ,0 ,0 ,0 ,,0 ,0 ,0 ,,0 ,0 ,0 ,,0 ,0 ,0 ,,0 ,0 ,0 ,,0 ,0 ,0 ,,0 ,0 ,0 ,,0 ,0 ,0 ,,0 ,0 ,0 ,,0 ,0 ,0 ,,0 ,0 ,0 ,,0 ,0 ,0 ,,0 ,0 ,0 ,,0 ,0 ,0 ,,0 ,0 ,0 ,,0 ,0 ,0 ,,0 ,0 ,0 ,,0 ,0 ,0 ,,0 ,0 ,0 ,,0 ,0 ,0 ,,0 ,0 ,0 ,,0 ,0 ,0 ,,0 ,0 ,0 ,,0 ,0 ,0 ,,0 ,0 ,0 ,,0 ,0 ,0 ,,0 ,0 ,0 ,,0 ,0 ,0 ,,0 ,0 ,0 
510803,Referral Bonus,,0 ,0 ,0 ,0 ,,0 ,0 ,0 ,0 ,0 ,,0 ,0 ,0 ,,0 ,0 ,0 ,,0 ,0 ,0 ,,0 ,0 ,0 ,,0 ,0 ,0 ,,0 ,0 ,0 ,,0 ,0 ,0 ,,0 ,0 ,0 ,,0 ,0 ,0 ,,0 ,0 ,0 ,,0 ,0 ,0 ,,0 ,0 ,0 ,,0 ,0 ,0 ,,0 ,0 ,0 ,,0 ,0 ,0 ,,0 ,0 ,0 ,,0 ,0 ,0 ,,0 ,0 ,0 ,,0 ,0 ,0 ,,0 ,0 ,0 ,,0 ,0 ,0 ,,0 ,0 ,0 ,,0 ,0 ,0 ,,0 ,0 ,0 ,,0 ,0 ,0 ,,0 ,0 ,0 ,,0 ,0 ,0 ,,0 ,0 ,0 
Total 510800, Recruitment,,0 ,0 ,0 ,0 ,0 ,0 ,0 ,0 ,0 ,0 ,,0 ,0 ,0 ,,0 ,51 ,51 ,,0 ,0 ,0 ,,0 ,0 ,0 ,,0 ,0 ,0 ,,0 ,152 ,152 ,,0 ,0 ,0 ,,0 ,772 ,772 ,,0 ,0 ,0 ,,0 ,0 ,0 ,,0 ,0 ,0 ,,0 ,0 ,0 ,,0 ,0 ,0 ,,0 ,0 ,0 ,,0 ,0 ,0 ,,0 ,0 ,0 ,,0 ,0 ,0 ,,0 ,0 ,0 ,,0 ,0 ,0 ,,0 ,0 ,0 ,,0 ,0 ,0 ,,0 ,0 ,0 ,,0 ,0 ,0 ,,0 ,0 ,0 ,,0 ,0 ,0 ,,0 ,0 ,0 ,,0 ,0 ,0 ,,0 ,0 ,0 
510900,Training,,0 ,,,0 ,,0 ,0 ,0 ,0 ,,,0 ,0 ,0 ,,0 ,0 ,0 ,,0 ,0 ,0 ,,0 ,0 ,0 ,,0 ,0 ,0 ,,0 ,0 ,0 ,,0 ,0 ,0 ,,0 ,0 ,0 ,,0 ,0 ,0 ,,0 ,0 ,0 ,,,,,,,,,,,,,,,,,,,,,,,,,,,,,,,,,,,,,,,,,,,,,,,,,,,,,,,,,,,,,,,,,,,,,,,,
510901,COPS Training,,0 ,0 ,0 ,0 ,,0 ,0 ,0 ,0 ,0 ,,0 ,0 ,0 ,,0 ,0 ,0 ,,0 ,0 ,0 ,,0 ,0 ,0 ,,0 ,0 ,0 ,,0 ,0 ,0 ,,0 ,0 ,0 ,,0 ,0 ,0 ,,0 ,0 ,0 ,,0 ,0 ,0 ,,0 ,0 ,0 ,,0 ,0 ,0 ,,0 ,0 ,0 ,,0 ,0 ,0 ,,0 ,0 ,0 ,,0 ,0 ,0 ,,0 ,0 ,0 ,,0 ,0 ,0 ,,0 ,0 ,0 ,,0 ,0 ,0 ,,0 ,0 ,0 ,,0 ,0 ,0 ,,0 ,0 ,0 ,,0 ,0 ,0 ,,0 ,0 ,0 ,,0 ,0 ,0 ,,0 ,0 ,0 ,,0 ,0 ,0 
Total 510900,Total Training,,0 ,0 ,0 ,0 ,0 ,0 ,0 ,0 ,0 ,0 ,,0 ,0 ,0 ,,0 ,0 ,0 ,,0 ,0 ,0 ,,0 ,0 ,0 ,,0 ,0 ,0 ,,0 ,0 ,0 ,,0 ,0 ,0 ,,0 ,0 ,0 ,,0 ,0 ,0 ,,0 ,0 ,0 ,,0 ,0 ,0 ,,0 ,0 ,0 ,,0 ,0 ,0 ,,0 ,0 ,0 ,,0 ,0 ,0 ,,0 ,0 ,0 ,,0 ,0 ,0 ,,0 ,0 ,0 ,,0 ,0 ,0 ,,0 ,0 ,0 ,,0 ,0 ,0 ,,0 ,0 ,0 ,,0 ,0 ,0 ,,0 ,0 ,0 ,,0 ,0 ,0 ,,0 ,0 ,0 ,,0 ,0 ,0 ,,0 ,0 ,0 
Total 510000, HR Cost - COPS,,0 ,0 ,0 ,0 ,0 ,0 ,0 ,0 ,0 ,0 ,,0 ,0 ,0 ,,0 ,"218,902 ","218,902 ",,0 ,"39,475 ","39,475 ",,0 ,"25,229 ","25,229 ",,0 ,0 ,0 ,,0 ,"20,629 ","20,629 ",,0 ,0 ,0 ,,0 ,"48,255 ","48,255 ",,0 ,0 ,0 ,,0 ,"55,032 ","55,032 ",,0 ,0 ,0 ,,0 ,0 ,0 ,,0 ,0 ,0 ,,0 ,0 ,0 ,,0 ,0 ,0 ,,0 ,0 ,0 ,,0 ,0 ,0 ,,0 ,0 ,0 ,,0 ,0 ,0 ,,0 ,0 ,0 ,,0 ,0 ,0 ,,0 ,0 ,0 ,,0 ,0 ,0 ,,0 ,0 ,0 ,,0 ,0 ,0 ,,0 ,0 ,0 ,,0 ,0 ,0 ,,0 ,0 ,0 
520100,Direct Cost (Crowdsourcing),,0 ,,,0 ,,0 ,0 ,0 ,0 ,,,0 ,0 ,0 ,,0 ,0 ,0 ,,0 ,0 ,0 ,,0 ,0 ,0 ,,0 ,0 ,0 ,,0 ,0 ,0 ,,0 ,0 ,0 ,,0 ,0 ,0 ,,0 ,0 ,0 ,,0 ,0 ,0 ,,,,,,,,,,,,,,,,,,,,,,,,,,,,,,,,,,,,,,,,,,,,,,,,,,,,,,,,,,,,,,,,,,,,,,,,
520101, Cost of Services - Audio,520100,0 ,0 ,0 ,0 ,,0 ,0 ,0 ,0 ,0 ,,0 ,0 ,0 ,,0 ,"123,457 ","-123,457 ",,0 ,0 ,0 ,,0 ,0 ,0 ,,0 ,0 ,0 ,,0 ,0 ,0 ,,0 ,0 ,0 ,,0 ,0 ,0 ,,0 ,0 ,0 ,,0 ,"488,502 ","-488,502 ",,0 ,0 ,0 ,,0 ,0 ,0 ,,0 ,0 ,0 ,,0 ,0 ,0 ,,0 ,0 ,0 ,,0 ,0 ,0 ,,0 ,0 ,0 ,,0 ,0 ,0 ,,0 ,0 ,0 ,,0 ,0 ,0 ,,0 ,0 ,0 ,,0 ,0 ,0 ,,0 ,0 ,0 ,,0 ,0 ,0 ,,0 ,0 ,0 ,,0 ,0 ,0 ,,0 ,0 ,0 ,,0 ,0 ,0 
520102, Cost of Services - Text,,0 ,0 ,0 ,0 ,,0 ,0 ,0 ,0 ,0 ,,0 ,0 ,0 ,,0 ,"5,684 ","-5,684 ",,0 ,0 ,0 ,,0 ,0 ,0 ,,0 ,0 ,0 ,,0 ,0 ,0 ,,0 ,0 ,0 ,,0 ,0 ,0 ,,0 ,0 ,0 ,,0 ,0 ,0 ,,0 ,0 ,0 ,,0 ,0 ,0 ,,0 ,0 ,0 ,,0 ,0 ,0 ,,0 ,0 ,0 ,,0 ,0 ,0 ,,0 ,0 ,0 ,,0 ,0 ,0 ,,0 ,0 ,0 ,,0 ,0 ,0 ,,0 ,0 ,0 ,,0 ,0 ,0 ,,0 ,0 ,0 ,,0 ,0 ,0 ,,0 ,0 ,0 ,,0 ,0 ,0 ,,0 ,0 ,0 ,,0 ,0 ,0 
520103, Cost of Services - Image,,0 ,0 ,0 ,0 ,,0 ,0 ,0 ,0 ,0 ,,0 ,0 ,0 ,,0 ,"64,519 ","-64,519 ",,0 ,0 ,0 ,,0 ,0 ,0 ,,0 ,0 ,0 ,,0 ,0 ,0 ,,0 ,0 ,0 ,,0 ,0 ,0 ,,0 ,0 ,0 ,,0 ,0 ,0 ,,0 ,0 ,0 ,,0 ,0 ,0 ,,0 ,0 ,0 ,,0 ,0 ,0 ,,0 ,0 ,0 ,,0 ,0 ,0 ,,0 ,0 ,0 ,,0 ,0 ,0 ,,0 ,0 ,0 ,,0 ,0 ,0 ,,0 ,0 ,0 ,,0 ,0 ,0 ,,0 ,0 ,0 ,,0 ,0 ,0 ,,0 ,0 ,0 ,,0 ,0 ,0 ,,0 ,0 ,0 ,,0 ,0 ,0 
520104, Cost of Services - Video,,0 ,0 ,0 ,0 ,,0 ,0 ,0 ,0 ,0 ,,0 ,0 ,0 ,,0 ,"133,052 ","-133,052 ",,0 ,0 ,0 ,,0 ,"1,798 ","-1,798 ",,0 ,0 ,0 ,,0 ,0 ,0 ,,0 ,0 ,0 ,,0 ,0 ,0 ,,0 ,0 ,0 ,,0 ,0 ,0 ,,0 ,0 ,0 ,,0 ,0 ,0 ,,0 ,0 ,0 ,,0 ,0 ,0 ,,0 ,0 ,0 ,,0 ,0 ,0 ,,0 ,0 ,0 ,,0 ,0 ,0 ,,0 ,0 ,0 ,,0 ,0 ,0 ,,0 ,0 ,0 ,,0 ,0 ,0 ,,0 ,0 ,0 ,,0 ,0 ,0 ,,0 ,0 ,0 ,,0 ,0 ,0 ,,0 ,0 ,0 ,,0 ,0 ,0 
Total 520000,Total Crowd Sourcing,,0 ,0 ,0 ,0 ,0 ,0 ,0 ,0 ,0 ,0 ,,0 ,0 ,0 ,,0 ,"326,711 ","326,711 ",,0 ,0 ,0 ,,0 ,"1,798 ","1,798 ",,0 ,0 ,0 ,,0 ,0 ,0 ,,0 ,0 ,0 ,,0 ,0 ,0 ,,0 ,0 ,0 ,,0 ,"488,502 ","488,502 ",,0 ,0 ,0 ,,0 ,0 ,0 ,,0 ,0 ,0 ,,0 ,0 ,0 ,,0 ,0 ,0 ,,0 ,0 ,0 ,,0 ,0 ,0 ,,0 ,0 ,0 ,,0 ,0 ,0 ,,0 ,0 ,0 ,,0 ,0 ,0 ,,0 ,0 ,0 ,,0 ,0 ,0 ,,0 ,0 ,0 ,,0 ,0 ,0 ,,0 ,0 ,0 ,,0 ,0 ,0 ,,0 ,0 ,0 
520200,Inter-company COPS,,0 ,,,0 ,,0 ,0 ,0 ,0 ,,,0 ,0 ,0 ,,0 ,0 ,0 ,,0 ,0 ,0 ,,0 ,0 ,0 ,,0 ,0 ,0 ,,0 ,0 ,0 ,,0 ,0 ,0 ,,0 ,0 ,0 ,,0 ,0 ,0 ,,0 ,0 ,0 ,,,,,,,,,,,,,,,,,,,,,,,,,,,,,,,,,,,,,,,,,,,,,,,,,,,,,,,,,,,,,,,,,,,,,,,,
520201, LXT Inter-company COPS,520200,0 ,0 ,0 ,0 ,,0 ,0 ,0 ,0 ,0 ,,0 ,0 ,0 ,,0 ,0 ,0 ,,0 ,0 ,0 ,,0 ,0 ,0 ,,0 ,0 ,0 ,,0 ,0 ,0 ,,0 ,0 ,0 ,,0 ,0 ,0 ,,0 ,0 ,0 ,,0 ,0 ,0 ,,0 ,0 ,0 ,,0 ,0 ,0 ,,0 ,0 ,0 ,,0 ,0 ,0 ,,0 ,0 ,0 ,,0 ,0 ,0 ,,0 ,0 ,0 ,,0 ,0 ,0 ,,0 ,0 ,0 ,,0 ,0 ,0 ,,0 ,0 ,0 ,,0 ,0 ,0 ,,0 ,0 ,0 ,,0 ,0 ,0 ,,0 ,0 ,0 ,,0 ,0 ,0 ,,0 ,0 ,0 ,,0 ,0 ,0 
Total 520200,Total Inter-company COPS,,0 ,0 ,0 ,0 ,0 ,0 ,0 ,0 ,0 ,0 ,,0 ,0 ,0 ,,0 ,0 ,0 ,,0 ,0 ,0 ,,0 ,0 ,0 ,,0 ,0 ,0 ,,0 ,0 ,0 ,,0 ,0 ,0 ,,0 ,0 ,0 ,,0 ,0 ,0 ,,0 ,0 ,0 ,,0 ,0 ,0 ,,0 ,0 ,0 ,,0 ,0 ,0 ,,0 ,0 ,0 ,,0 ,0 ,0 ,,0 ,0 ,0 ,,0 ,0 ,0 ,,0 ,0 ,0 ,,0 ,0 ,0 ,,0 ,0 ,0 ,,0 ,0 ,0 ,,0 ,0 ,0 ,,0 ,0 ,0 ,,0 ,0 ,0 ,,0 ,0 ,0 ,,0 ,0 ,0 ,,0 ,0 ,0 ,,0 ,0 ,0 
530000,Other costs of service,,0 ,,,0 ,,0 ,0 ,0 ,0 ,,,0 ,0 ,0 ,,0 ,0 ,0 ,,0 ,0 ,0 ,,0 ,0 ,0 ,,0 ,0 ,0 ,,0 ,0 ,0 ,,0 ,0 ,0 ,,0 ,0 ,0 ,,0 ,0 ,0 ,,0 ,0 ,0 ,,,,,,,,,,,,,,,,,,,,,,,,,,,,,,,,,,,,,,,,,,,,,,,,,,,,,,,,,,,,,,,,,,,,,,,,
530101,Other Direct Cost - COPS Consulting,530100,0 ,0 ,0 ,0 ,,0 ,0 ,0 ,0 ,0 ,,0 ,0 ,0 ,,0 ,"25,382 ","-25,382 ",,0 ,0 ,0 ,,0 ,0 ,0 ,,0 ,0 ,0 ,,0 ,0 ,0 ,,0 ,0 ,0 ,,0 ,0 ,0 ,,0 ,0 ,0 ,,0 ,"14,769 ","-14,769 ",,0 ,0 ,0 ,,0 ,0 ,0 ,,0 ,0 ,0 ,,0 ,0 ,0 ,,0 ,0 ,0 ,,0 ,0 ,0 ,,0 ,0 ,0 ,,0 ,0 ,0 ,,0 ,0 ,0 ,,0 ,0 ,0 ,,0 ,0 ,0 ,,0 ,0 ,0 ,,0 ,0 ,0 ,,0 ,0 ,0 ,,0 ,0 ,0 ,,0 ,0 ,0 ,,0 ,0 ,0 ,,0 ,0 ,0 
530102,Other Cost of Goods - Equipment Cost,,0 ,0 ,0 ,0 ,,0 ,0 ,0 ,0 ,0 ,,0 ,0 ,0 ,,0 ,"10,227 ","-10,227 ",,0 ,0 ,0 ,,0 ,0 ,0 ,,0 ,0 ,0 ,,0 ,0 ,0 ,,0 ,0 ,0 ,,0 ,0 ,0 ,,0 ,0 ,0 ,,0 ,0 ,0 ,,0 ,0 ,0 ,,0 ,0 ,0 ,,0 ,0 ,0 ,,0 ,0 ,0 ,,0 ,0 ,0 ,,0 ,0 ,0 ,,0 ,0 ,0 ,,0 ,0 ,0 ,,0 ,0 ,0 ,,0 ,0 ,0 ,,0 ,0 ,0 ,,0 ,0 ,0 ,,0 ,0 ,0 ,,0 ,0 ,0 ,,0 ,0 ,0 ,,0 ,0 ,0 ,,0 ,0 ,0 ,,0 ,0 ,0 
530103,Other Direct Cost - Others,,0 ,0 ,0 ,0 ,,0 ,0 ,0 ,0 ,0 ,,0 ,0 ,0 ,,0 ,"1,575 ","-1,575 ",,0 ,0 ,0 ,,0 ,0 ,0 ,,0 ,0 ,0 ,,0 ,0 ,0 ,,0 ,0 ,0 ,,0 ,0 ,0 ,,0 ,0 ,0 ,,0 ,0 ,0 ,,0 ,0 ,0 ,,0 ,0 ,0 ,,0 ,0 ,0 ,,0 ,0 ,0 ,,0 ,0 ,0 ,,0 ,0 ,0 ,,0 ,0 ,0 ,,0 ,0 ,0 ,,0 ,0 ,0 ,,0 ,0 ,0 ,,0 ,0 ,0 ,,0 ,0 ,0 ,,0 ,0 ,0 ,,0 ,0 ,0 ,,0 ,0 ,0 ,,0 ,0 ,0 ,,0 ,0 ,0 ,,0 ,0 ,0 
530104,Other Cost of Sale - LOC Pros,,0 ,0 ,0 ,0 ,,0 ,0 ,0 ,0 ,0 ,,0 ,0 ,0 ,,0 ,0 ,0 ,,0 ,0 ,0 ,,0 ,0 ,0 ,,0 ,0 ,0 ,,0 ,0 ,0 ,,0 ,0 ,0 ,,0 ,0 ,0 ,,0 ,0 ,0 ,,0 ,0 ,0 ,,0 ,0 ,0 ,,0 ,0 ,0 ,,0 ,0 ,0 ,,0 ,0 ,0 ,,0 ,0 ,0 ,,0 ,0 ,0 ,,0 ,0 ,0 ,,0 ,0 ,0 ,,0 ,0 ,0 ,,0 ,0 ,0 ,,0 ,0 ,0 ,,0 ,0 ,0 ,,0 ,0 ,0 ,,0 ,0 ,0 ,,0 ,0 ,0 ,,0 ,0 ,0 ,,0 ,0 ,0 ,,0 ,0 ,0 
Total 530000,Total Others,,0 ,0 ,0 ,0 ,0 ,0 ,0 ,0 ,0 ,0 ,,0 ,0 ,0 ,,0 ,"37,184 ","37,184 ",,0 ,0 ,0 ,,0 ,0 ,0 ,,0 ,0 ,0 ,,0 ,0 ,0 ,,0 ,0 ,0 ,,0 ,0 ,0 ,,0 ,0 ,0 ,,0 ,"14,769 ","14,769 ",,0 ,0 ,0 ,,0 ,0 ,0 ,,0 ,0 ,0 ,,0 ,0 ,0 ,,0 ,0 ,0 ,,0 ,0 ,0 ,,0 ,0 ,0 ,,0 ,0 ,0 ,,0 ,0 ,0 ,,0 ,0 ,0 ,,0 ,0 ,0 ,,0 ,0 ,0 ,,0 ,0 ,0 ,,0 ,0 ,0 ,,0 ,0 ,0 ,,0 ,0 ,0 ,,0 ,0 ,0 ,,0 ,0 ,0 
540000,Provision,,,,,0 ,,0 ,0 ,0 ,0 ,0 ,,0 ,0 ,0 ,,0 ,0 ,0 ,,0 ,0 ,0 ,,0 ,0 ,0 ,,0 ,0 ,0 ,,0 ,0 ,0 ,,0 ,0 ,0 ,,0 ,0 ,0 ,,0 ,0 ,0 ,,0 ,0 ,0 ,,,,,,,,,,,,,,,,,,,,,,,,,,,,,,,,,,,,,,,,,,,,,,,,,,,,,,,,,,,,,,,,,,,,,,,,
540101,COPS Provisions,540100,0 ,0 ,0 ,0 ,,0 ,0 ,0 ,0 ,0 ,,0 ,0 ,0 ,,0 ,0 ,0 ,,0 ,0 ,0 ,,0 ,0 ,0 ,,0 ,0 ,0 ,,0 ,0 ,0 ,,0 ,0 ,0 ,,0 ,0 ,0 ,,0 ,0 ,0 ,,0 ,0 ,0 ,,0 ,0 ,0 ,,0 ,0 ,0 ,,0 ,0 ,0 ,,0 ,0 ,0 ,,0 ,0 ,0 ,,0 ,0 ,0 ,,0 ,0 ,0 ,,0 ,0 ,0 ,,0 ,0 ,0 ,,0 ,0 ,0 ,,0 ,0 ,0 ,,0 ,0 ,0 ,,0 ,0 ,0 ,,0 ,0 ,0 ,,0 ,0 ,0 ,,0 ,0 ,0 ,,0 ,0 ,0 ,,0 ,0 ,0 
Total 540000,Total Provision,,0 ,0 ,0 ,0 ,0 ,0 ,0 ,0 ,0 ,0 ,,0 ,0 ,0 ,,0 ,0 ,0 ,,0 ,0 ,0 ,,0 ,0 ,0 ,,0 ,0 ,0 ,,0 ,0 ,0 ,,0 ,0 ,0 ,,0 ,0 ,0 ,,0 ,0 ,0 ,,0 ,0 ,0 ,,0 ,0 ,0 ,,0 ,0 ,0 ,,0 ,0 ,0 ,,0 ,0 ,0 ,,0 ,0 ,0 ,,0 ,0 ,0 ,,0 ,0 ,0 ,,0 ,0 ,0 ,,0 ,0 ,0 ,,0 ,0 ,0 ,,0 ,0 ,0 ,,0 ,0 ,0 ,,0 ,0 ,0 ,,0 ,0 ,0 ,,0 ,0 ,0 ,,0 ,0 ,0 ,,0 ,0 ,0 ,,0 ,0 ,0 
,,,,,,,,,,,,,,,,,,,,,,,,,,,,,,,,,,,,,,,,,,,,,,,,,,,,,,,,,,,,,,,,,,,,,,,,,,,,,,,,,,,,,,,,,,,,,,,,,,,,,,,,,,,,,,,,,,,,,,,,,,,,
Total Cost of Goods Sold,Total Cost of Goods Sold,,0 ,0 ,0 ,0 ,0 ,0 ,0 ,0 ,0 ,0 ,,0 ,0 ,0 ,,0 ,"582,798 ","582,798 ",,0 ,"39,475 ","39,475 ",,0 ,"27,027 ","27,027 ",,0 ,0 ,0 ,,0 ,"20,629 ","20,629 ",,0 ,0 ,0 ,,0 ,"48,255 ","48,255 ",,0 ,0 ,0 ,,0 ,"558,303 ","558,303 ",,0 ,0 ,0 ,,0 ,0 ,0 ,,0 ,0 ,0 ,,0 ,0 ,0 ,,0 ,0 ,0 ,,0 ,0 ,0 ,,0 ,0 ,0 ,,0 ,0 ,0 ,,0 ,0 ,0 ,,0 ,0 ,0 ,,0 ,0 ,0 ,,0 ,0 ,0 ,,0 ,0 ,0 ,,0 ,0 ,0 ,,0 ,0 ,0 ,,0 ,0 ,0 ,,0 ,0 ,0 ,,0 ,0 ,0 
GROSS PROFIT,,,0 ,0 ,0 ,0 ,0 ,0 ,0 ,0 ,0 ,0 ,,0 ,0 ,0 ,,0 ,"531,152 ","-531,152 ",,0 ,"-39,475 ","39,475 ",,0 ,"-27,027 ","27,027 ",,0 ,0 ,0 ,,0 ,"-20,629 ","20,629 ",,0 ,0 ,0 ,,0 ,"-48,255 ","48,255 ",,0 ,0 ,0 ,,0 ,"237,912 ","-237,912 ",,0 ,0 ,0 ,,0 ,0 ,0 ,,0 ,0 ,0 ,,0 ,0 ,0 ,,0 ,0 ,0 ,,0 ,0 ,0 ,,0 ,0 ,0 ,,0 ,0 ,0 ,,0 ,0 ,0 ,,0 ,0 ,0 ,,0 ,0 ,0 ,,0 ,0 ,0 ,,0 ,0 ,0 ,,0 ,0 ,0 ,,0 ,0 ,0 ,,0 ,0 ,0 ,,0 ,0 ,0 ,,0 ,0 ,0 
EXPENSES,,,#DIV/0!,#DIV/0!,#DIV/0!,0%,0%,0%,,#DIV/0!,#DIV/0!,,,0 ,0 ,0 ,,0 ,0 ,0 ,,0 ,0 ,0 ,,0 ,0 ,0 ,,0 ,0 ,0 ,,0 ,0 ,0 ,,0 ,0 ,0 ,,0 ,0 ,0 ,,#DIV/0!,#DIV/0!,#DIV/0!,,#DIV/0!,30%,#DIV/0!,,,,,,,,,,,,,,,,,,,,,,,,,,,,,,,,,,,,,,,,,,,,,,,,,,0%,0%,,,0%,0%,,,0%,0%,,,0%,0%,,,0%,0%,,,0%,0%,
610000, HR Cost,,,,,,,,,,,,,0 ,0 ,0 ,,0 ,0 ,0 ,,0 ,0 ,0 ,,0 ,0 ,0 ,,0 ,0 ,0 ,,0 ,0 ,0 ,,0 ,0 ,0 ,,0 ,0 ,0 ,,0 ,0 ,0 ,,0 ,0 ,0 ,,,,,,,,,,,,,,,,,,,,,,,,,,,,,,,,,,,,,,,,,,,,,,,,,,,,,,,,,,,,,,,,,,,,,,,,
610101,Salaries Permanent,610100,0 ,0 ,0 ,0 ,,0 ,0 ,0 ,0 ,0 ,,0 ,0 ,0 ,,0 ,"89,608 ","-89,608 ",,0 ,"30,815 ","-30,815 ",,0 ,"45,917 ","-45,917 ",,0 ,0 ,0 ,,0 ,0 ,0 ,,0 ,0 ,0 ,,0 ,0 ,0 ,,0 ,0 ,0 ,,0 ,"66,589 ","-66,589 ",,0 ,0 ,0 ,,0 ,0 ,0 ,,0 ,0 ,0 ,,0 ,0 ,0 ,,0 ,0 ,0 ,,0 ,0 ,0 ,,0 ,0 ,0 ,,0 ,0 ,0 ,,0 ,0 ,0 ,,0 ,0 ,0 ,,0 ,0 ,0 ,,0 ,0 ,0 ,,0 ,0 ,0 ,,0 ,0 ,0 ,,0 ,0 ,0 ,,0 ,0 ,0 ,,0 ,0 ,0 ,,0 ,0 ,0 
641703,Consulting Fees,615000,0 ,0 ,0 ,0 ,,0 ,0 ,0 ,0 ,0 ,,0 ,0 ,0 ,,0 ,0 ,0 ,,0 ,0 ,0 ,,0 ,0 ,0 ,,0 ,0 ,0 ,,0 ,0 ,0 ,,0 ,0 ,0 ,,0 ,0 ,0 ,,0 ,0 ,0 ,,0 ,0 ,0 ,,0 ,0 ,0 ,,0 ,0 ,0 ,,0 ,0 ,0 ,,0 ,0 ,0 ,,0 ,0 ,0 ,,0 ,0 ,0 ,,0 ,0 ,0 ,,0 ,0 ,0 ,,0 ,0 ,0 ,,0 ,0 ,0 ,,0 ,0 ,0 ,,0 ,0 ,0 ,,0 ,0 ,0 ,,0 ,0 ,0 ,,0 ,0 ,0 ,,0 ,0 ,0 ,,0 ,0 ,0 ,,0 ,0 ,0 
610102,Local Contractors  (Sub-Contractors ),616000,0 ,0 ,0 ,0 ,,0 ,0 ,0 ,0 ,0 ,,0 ,0 ,0 ,,0 ,0 ,0 ,,0 ,0 ,0 ,,0 ,0 ,0 ,,0 ,0 ,0 ,,0 ,0 ,0 ,,0 ,0 ,0 ,,0 ,0 ,0 ,,0 ,0 ,0 ,,0 ,"3,972 ","-3,972 ",,0 ,0 ,0 ,,0 ,0 ,0 ,,0 ,0 ,0 ,,0 ,0 ,0 ,,0 ,0 ,0 ,,0 ,0 ,0 ,,0 ,0 ,0 ,,0 ,0 ,0 ,,0 ,0 ,0 ,,0 ,0 ,0 ,,0 ,0 ,0 ,,0 ,0 ,0 ,,0 ,0 ,0 ,,0 ,0 ,0 ,,0 ,0 ,0 ,,0 ,0 ,0 ,,0 ,0 ,0 ,,0 ,0 ,0 
610103,Consulting Fees,611100,0 ,0 ,0 ,0 ,,0 ,0 ,0 ,0 ,0 ,,0 ,0 ,0 ,,0 ,"40,071 ","-40,071 ",,0 ,"11,318 ","-11,318 ",,0 ,0 ,0 ,,0 ,0 ,0 ,,0 ,0 ,0 ,,0 ,0 ,0 ,,0 ,180 ,-180 ,,0 ,0 ,0 ,,0 ,"32,754 ","-32,754 ",,0 ,0 ,0 ,,0 ,0 ,0 ,,0 ,0 ,0 ,,0 ,0 ,0 ,,0 ,0 ,0 ,,0 ,0 ,0 ,,0 ,0 ,0 ,,0 ,0 ,0 ,,0 ,0 ,0 ,,0 ,0 ,0 ,,0 ,0 ,0 ,,0 ,0 ,0 ,,0 ,0 ,0 ,,0 ,0 ,0 ,,0 ,0 ,0 ,,0 ,0 ,0 ,,0 ,0 ,0 ,,0 ,0 ,0 
Total 610100,Permanent Employees,,0 ,0 ,0 ,0 ,0 ,0 ,0 ,0 ,0 ,0 ,,0 ,0 ,0 ,,0 ,"129,680 ","129,680 ",,0 ,"42,134 ","42,134 ",,0 ,"45,917 ","45,917 ",,0 ,0 ,0 ,,0 ,0 ,0 ,,0 ,0 ,0 ,,0 ,180 ,180 ,,0 ,0 ,0 ,,0 ,"103,316 ","103,316 ",,0 ,0 ,0 ,,0 ,0 ,0 ,,0 ,0 ,0 ,,0 ,0 ,0 ,,0 ,0 ,0 ,,0 ,0 ,0 ,,0 ,0 ,0 ,,0 ,0 ,0 ,,0 ,0 ,0 ,,0 ,0 ,0 ,,0 ,0 ,0 ,,0 ,0 ,0 ,,0 ,0 ,0 ,,0 ,0 ,0 ,,0 ,0 ,0 ,,0 ,0 ,0 ,,0 ,0 ,0 ,,0 ,0 ,0 
610200, HR Cost - Temporary Employees,,0 ,,,0 ,,0 ,0 ,0 ,0 ,0 ,,0 ,0 ,0 ,,0 ,0 ,0 ,,0 ,0 ,0 ,,0 ,0 ,0 ,,0 ,0 ,0 ,,0 ,0 ,0 ,,0 ,0 ,0 ,,0 ,0 ,0 ,,0 ,0 ,0 ,,0 ,0 ,0 ,,0 ,0 ,0 ,,0 ,0 ,0 ,,0 ,0 ,0 ,,0 ,0 ,0 ,,0 ,0 ,0 ,,0 ,0 ,0 ,,0 ,0 ,0 ,,0 ,0 ,0 ,,0 ,0 ,0 ,,0 ,0 ,0 ,,0 ,0 ,0 ,,0 ,0 ,0 ,,0 ,0 ,0 ,,0 ,0 ,0 ,,0 ,0 ,0 ,,0 ,0 ,0 ,,0 ,0 ,0 ,,0 ,0 ,0 
610201,Salaries ,610200,0 ,0 ,0 ,0 ,,0 ,0 ,0 ,0 ,0 ,,0 ,0 ,0 ,,0 ,0 ,0 ,,0 ,0 ,0 ,,0 ,"1,000 ","-1,000 ",,0 ,0 ,0 ,,0 ,0 ,0 ,,0 ,0 ,0 ,,0 ,0 ,0 ,,0 ,0 ,0 ,,0 ,0 ,0 ,,0 ,0 ,0 ,,0 ,0 ,0 ,,0 ,0 ,0 ,,0 ,0 ,0 ,,0 ,0 ,0 ,,0 ,0 ,0 ,,0 ,0 ,0 ,,0 ,0 ,0 ,,0 ,0 ,0 ,,0 ,0 ,0 ,,0 ,0 ,0 ,,0 ,0 ,0 ,,0 ,0 ,0 ,,0 ,0 ,0 ,,0 ,0 ,0 ,,0 ,0 ,0 ,,0 ,0 ,0 ,,0 ,0 ,0 
610202,Local Contractors  (Sub-Contractors ),610200,0 ,0 ,0 ,0 ,,0 ,0 ,0 ,0 ,0 ,,0 ,0 ,0 ,,0 ,0 ,0 ,,0 ,0 ,0 ,,0 ,0 ,0 ,,0 ,0 ,0 ,,0 ,0 ,0 ,,0 ,0 ,0 ,,0 ,0 ,0 ,,0 ,0 ,0 ,,0 ,0 ,0 ,,0 ,0 ,0 ,,0 ,0 ,0 ,,0 ,0 ,0 ,,0 ,0 ,0 ,,0 ,0 ,0 ,,0 ,0 ,0 ,,0 ,0 ,0 ,,0 ,0 ,0 ,,0 ,0 ,0 ,,0 ,0 ,0 ,,0 ,0 ,0 ,,0 ,0 ,0 ,,0 ,0 ,0 ,,0 ,0 ,0 ,,0 ,0 ,0 ,,0 ,0 ,0 ,,0 ,0 ,0 ,,0 ,0 ,0 
610203,Foreign Contractors (Sub-Contractors),,0 ,0 ,0 ,0 ,,0 ,0 ,0 ,0 ,0 ,,0 ,0 ,0 ,,0 ,0 ,0 ,,0 ,0 ,0 ,,0 ,0 ,0 ,,0 ,0 ,0 ,,0 ,0 ,0 ,,0 ,0 ,0 ,,0 ,0 ,0 ,,0 ,0 ,0 ,,0 ,0 ,0 ,,0 ,0 ,0 ,,0 ,0 ,0 ,,0 ,0 ,0 ,,0 ,0 ,0 ,,0 ,0 ,0 ,,0 ,0 ,0 ,,0 ,0 ,0 ,,0 ,0 ,0 ,,0 ,0 ,0 ,,0 ,0 ,0 ,,0 ,0 ,0 ,,0 ,0 ,0 ,,0 ,0 ,0 ,,0 ,0 ,0 ,,0 ,0 ,0 ,,0 ,0 ,0 ,,0 ,0 ,0 ,,0 ,0 ,0 
Total 610200,Temporary Employees,,0 ,0 ,0 ,0 ,0 ,0 ,0 ,0 ,0 ,0 ,,0 ,0 ,0 ,,0 ,0 ,0 ,,0 ,0 ,0 ,,0 ,"1,000 ","-1,000 ",,0 ,0 ,0 ,,0 ,0 ,0 ,,0 ,0 ,0 ,,0 ,0 ,0 ,,0 ,0 ,0 ,,0 ,0 ,0 ,,0 ,0 ,0 ,,0 ,0 ,0 ,,0 ,0 ,0 ,,0 ,0 ,0 ,,0 ,0 ,0 ,,0 ,0 ,0 ,,0 ,0 ,0 ,,0 ,0 ,0 ,,0 ,0 ,0 ,,0 ,0 ,0 ,,0 ,0 ,0 ,,0 ,0 ,0 ,,0 ,0 ,0 ,,0 ,0 ,0 ,,0 ,0 ,0 ,,0 ,0 ,0 ,,0 ,0 ,0 ,,0 ,0 ,0 
610300,HR:Social Insurance,,0 ,0 ,0 ,0 ,,0 ,0 ,0 ,0 ,0 ,,0 ,0 ,0 ,,0 ,0 ,0 ,,0 ,0 ,0 ,,0 ,0 ,0 ,,0 ,0 ,0 ,,0 ,0 ,0 ,,0 ,0 ,0 ,,0 ,0 ,0 ,,0 ,0 ,0 ,,0 ,0 ,0 ,,0 ,0 ,0 ,,0 ,0 ,0 ,,0 ,0 ,0 ,,0 ,0 ,0 ,,0 ,0 ,0 ,,0 ,0 ,0 ,,0 ,0 ,0 ,,0 ,0 ,0 ,,0 ,0 ,0 ,,0 ,0 ,0 ,,0 ,0 ,0 ,,0 ,0 ,0 ,,0 ,0 ,0 ,,0 ,0 ,0 ,,0 ,0 ,0 ,,0 ,0 ,0 ,,0 ,0 ,0 ,,0 ,0 ,0 
610301,EMPLOYEE HEALTH TAX -EHT,610300,0 ,0 ,0 ,0 ,,0 ,0 ,0 ,0 ,0 ,,0 ,0 ,0 ,,0 ,"1,847 ","-1,847 ",,0 ,0 ,0 ,,0 ,0 ,0 ,,0 ,0 ,0 ,,0 ,0 ,0 ,,0 ,0 ,0 ,,0 ,0 ,0 ,,0 ,0 ,0 ,,0 ,0 ,0 ,,0 ,0 ,0 ,,0 ,0 ,0 ,,0 ,0 ,0 ,,0 ,0 ,0 ,,0 ,0 ,0 ,,0 ,0 ,0 ,,0 ,0 ,0 ,,0 ,0 ,0 ,,0 ,0 ,0 ,,0 ,0 ,0 ,,0 ,0 ,0 ,,0 ,0 ,0 ,,0 ,0 ,0 ,,0 ,0 ,0 ,,0 ,0 ,0 ,,0 ,0 ,0 ,,0 ,0 ,0 ,,0 ,0 ,0 
610302,Quebec hsf (health) expense,,0 ,0 ,0 ,0 ,,0 ,0 ,0 ,0 ,0 ,,0 ,0 ,0 ,,0 ,0 ,0 ,,0 ,0 ,0 ,,0 ,0 ,0 ,,0 ,0 ,0 ,,0 ,0 ,0 ,,0 ,0 ,0 ,,0 ,0 ,0 ,,0 ,0 ,0 ,,0 ,0 ,0 ,,0 ,0 ,0 ,,0 ,0 ,0 ,,0 ,0 ,0 ,,0 ,0 ,0 ,,0 ,0 ,0 ,,0 ,0 ,0 ,,0 ,0 ,0 ,,0 ,0 ,0 ,,0 ,0 ,0 ,,0 ,0 ,0 ,,0 ,0 ,0 ,,0 ,0 ,0 ,,0 ,0 ,0 ,,0 ,0 ,0 ,,0 ,0 ,0 ,,0 ,0 ,0 ,,0 ,0 ,0 ,,0 ,0 ,0 
610303,QPIP - COMPANY,,0 ,0 ,0 ,0 ,,0 ,0 ,0 ,0 ,0 ,,0 ,0 ,0 ,,0 ,0 ,0 ,,0 ,0 ,0 ,,0 ,0 ,0 ,,0 ,0 ,0 ,,0 ,0 ,0 ,,0 ,0 ,0 ,,0 ,0 ,0 ,,0 ,0 ,0 ,,0 ,0 ,0 ,,0 ,0 ,0 ,,0 ,0 ,0 ,,0 ,0 ,0 ,,0 ,0 ,0 ,,0 ,0 ,0 ,,0 ,0 ,0 ,,0 ,0 ,0 ,,0 ,0 ,0 ,,0 ,0 ,0 ,,0 ,0 ,0 ,,0 ,0 ,0 ,,0 ,0 ,0 ,,0 ,0 ,0 ,,0 ,0 ,0 ,,0 ,0 ,0 ,,0 ,0 ,0 ,,0 ,0 ,0 ,,0 ,0 ,0 
610304,QPP - COMPANY,,0 ,0 ,0 ,0 ,,0 ,0 ,0 ,0 ,0 ,,0 ,0 ,0 ,,0 ,0 ,0 ,,0 ,0 ,0 ,,0 ,0 ,0 ,,0 ,0 ,0 ,,0 ,0 ,0 ,,0 ,0 ,0 ,,0 ,0 ,0 ,,0 ,0 ,0 ,,0 ,0 ,0 ,,0 ,0 ,0 ,,0 ,0 ,0 ,,0 ,0 ,0 ,,0 ,0 ,0 ,,0 ,0 ,0 ,,0 ,0 ,0 ,,0 ,0 ,0 ,,0 ,0 ,0 ,,0 ,0 ,0 ,,0 ,0 ,0 ,,0 ,0 ,0 ,,0 ,0 ,0 ,,0 ,0 ,0 ,,0 ,0 ,0 ,,0 ,0 ,0 ,,0 ,0 ,0 ,,0 ,0 ,0 ,,0 ,0 ,0 
610305,EI-COMPANY,,0 ,0 ,0 ,0 ,,0 ,0 ,0 ,0 ,0 ,,0 ,0 ,0 ,,0 ,172 ,-172 ,,0 ,963 ,-963 ,,0 ,727 ,-727 ,,0 ,0 ,0 ,,0 ,0 ,0 ,,0 ,0 ,0 ,,0 ,0 ,0 ,,0 ,0 ,0 ,,0 ,0 ,0 ,,0 ,0 ,0 ,,0 ,0 ,0 ,,0 ,0 ,0 ,,0 ,0 ,0 ,,0 ,0 ,0 ,,0 ,0 ,0 ,,0 ,0 ,0 ,,0 ,0 ,0 ,,0 ,0 ,0 ,,0 ,0 ,0 ,,0 ,0 ,0 ,,0 ,0 ,0 ,,0 ,0 ,0 ,,0 ,0 ,0 ,,0 ,0 ,0 ,,0 ,0 ,0 ,,0 ,0 ,0 ,,0 ,0 ,0 
610306,CPP COMPANY,,0 ,0 ,0 ,0 ,,0 ,0 ,0 ,0 ,0 ,,0 ,0 ,0 ,,0 ,236 ,-236 ,,0 ,0 ,0 ,,0 ,0 ,0 ,,0 ,0 ,0 ,,0 ,0 ,0 ,,0 ,0 ,0 ,,0 ,0 ,0 ,,0 ,0 ,0 ,,0 ,0 ,0 ,,0 ,0 ,0 ,,0 ,0 ,0 ,,0 ,0 ,0 ,,0 ,0 ,0 ,,0 ,0 ,0 ,,0 ,0 ,0 ,,0 ,0 ,0 ,,0 ,0 ,0 ,,0 ,0 ,0 ,,0 ,0 ,0 ,,0 ,0 ,0 ,,0 ,0 ,0 ,,0 ,0 ,0 ,,0 ,0 ,0 ,,0 ,0 ,0 ,,0 ,0 ,0 ,,0 ,0 ,0 ,,0 ,0 ,0 
610307,WSIB Pay,,0 ,0 ,0 ,0 ,,0 ,0 ,0 ,0 ,0 ,,0 ,0 ,0 ,,0 ,47 ,-47 ,,0 ,0 ,0 ,,0 ,0 ,0 ,,0 ,0 ,0 ,,0 ,0 ,0 ,,0 ,0 ,0 ,,0 ,0 ,0 ,,0 ,0 ,0 ,,0 ,0 ,0 ,,0 ,0 ,0 ,,0 ,0 ,0 ,,0 ,0 ,0 ,,0 ,0 ,0 ,,0 ,0 ,0 ,,0 ,0 ,0 ,,0 ,0 ,0 ,,0 ,0 ,0 ,,0 ,0 ,0 ,,0 ,0 ,0 ,,0 ,0 ,0 ,,0 ,0 ,0 ,,0 ,0 ,0 ,,0 ,0 ,0 ,,0 ,0 ,0 ,,0 ,0 ,0 ,,0 ,0 ,0 ,,0 ,0 ,0 
610308,CNESST,,0 ,0 ,0 ,0 ,,0 ,0 ,0 ,0 ,0 ,,0 ,0 ,0 ,,0 ,0 ,0 ,,0 ,0 ,0 ,,0 ,0 ,0 ,,0 ,0 ,0 ,,0 ,0 ,0 ,,0 ,0 ,0 ,,0 ,0 ,0 ,,0 ,0 ,0 ,,0 ,0 ,0 ,,0 ,0 ,0 ,,0 ,0 ,0 ,,0 ,0 ,0 ,,0 ,0 ,0 ,,0 ,0 ,0 ,,0 ,0 ,0 ,,0 ,0 ,0 ,,0 ,0 ,0 ,,0 ,0 ,0 ,,0 ,0 ,0 ,,0 ,0 ,0 ,,0 ,0 ,0 ,,0 ,0 ,0 ,,0 ,0 ,0 ,,0 ,0 ,0 ,,0 ,0 ,0 ,,0 ,0 ,0 ,,0 ,0 ,0 
610309, CPP & EI (2022) Employee Portion,,0 ,0 ,0 ,0 ,,0 ,0 ,0 ,0 ,0 ,,0 ,0 ,0 ,,0 ,0 ,0 ,,0 ,0 ,0 ,,0 ,0 ,0 ,,0 ,0 ,0 ,,0 ,0 ,0 ,,0 ,0 ,0 ,,0 ,0 ,0 ,,0 ,0 ,0 ,,0 ,0 ,0 ,,0 ,0 ,0 ,,0 ,0 ,0 ,,0 ,0 ,0 ,,0 ,0 ,0 ,,0 ,0 ,0 ,,0 ,0 ,0 ,,0 ,0 ,0 ,,0 ,0 ,0 ,,0 ,0 ,0 ,,0 ,0 ,0 ,,0 ,0 ,0 ,,0 ,0 ,0 ,,0 ,0 ,0 ,,0 ,0 ,0 ,,0 ,0 ,0 ,,0 ,0 ,0 ,,0 ,0 ,0 ,,0 ,0 ,0 
610310, QPP & QPIP 2022 Employee portion,,0 ,0 ,0 ,0 ,,0 ,0 ,0 ,0 ,0 ,,0 ,0 ,0 ,,0 ,0 ,0 ,,0 ,0 ,0 ,,0 ,0 ,0 ,,0 ,0 ,0 ,,0 ,0 ,0 ,,0 ,0 ,0 ,,0 ,0 ,0 ,,0 ,0 ,0 ,,0 ,0 ,0 ,,0 ,0 ,0 ,,0 ,0 ,0 ,,0 ,0 ,0 ,,0 ,0 ,0 ,,0 ,0 ,0 ,,0 ,0 ,0 ,,0 ,0 ,0 ,,0 ,0 ,0 ,,0 ,0 ,0 ,,0 ,0 ,0 ,,0 ,0 ,0 ,,0 ,0 ,0 ,,0 ,0 ,0 ,,0 ,0 ,0 ,,0 ,0 ,0 ,,0 ,0 ,0 ,,0 ,0 ,0 ,,0 ,0 ,0 
Total 610300, Social insurance,,0 ,0 ,0 ,0 ,0 ,0 ,0 ,0 ,0 ,0 ,,0 ,0 ,0 ,,0 ,"2,302 ","2,302 ",,0 ,963 ,963 ,,0 ,727 ,727 ,,0 ,0 ,0 ,,0 ,0 ,0 ,,0 ,0 ,0 ,,0 ,0 ,0 ,,0 ,0 ,0 ,,0 ,0 ,0 ,,0 ,0 ,0 ,,0 ,0 ,0 ,,0 ,0 ,0 ,,0 ,0 ,0 ,,0 ,0 ,0 ,,0 ,0 ,0 ,,0 ,0 ,0 ,,0 ,0 ,0 ,,0 ,0 ,0 ,,0 ,0 ,0 ,,0 ,0 ,0 ,,0 ,0 ,0 ,,0 ,0 ,0 ,,0 ,0 ,0 ,,0 ,0 ,0 ,,0 ,0 ,0 ,,0 ,0 ,0 ,,0 ,0 ,0 
610400,Overtime,,0 ,0 ,0 ,0 ,,0 ,0 ,0 ,0 ,0 ,,,,,,,,,,,,,,,,,,,,,,,,,,,,,,,,,,,,,,,,,,0 ,0 ,0 ,,0 ,0 ,0 ,,0 ,0 ,0 ,,0 ,0 ,0 ,,0 ,0 ,0 ,,0 ,0 ,0 ,,0 ,0 ,0 ,,0 ,0 ,0 ,,0 ,0 ,0 ,,0 ,0 ,0 ,,0 ,0 ,0 ,,0 ,0 ,0 ,,0 ,0 ,0 ,,0 ,0 ,0 ,,0 ,0 ,0 ,,0 ,0 ,0 ,,0 ,0 ,0 ,,0 ,0 ,0 
610401,Overtime,,0 ,0 ,0 ,0 ,,0 ,0 ,0 ,0 ,0 ,,0 ,0 ,0 ,,0 ,0 ,0 ,,0 ,0 ,0 ,,0 ,0 ,0 ,,0 ,0 ,0 ,,0 ,0 ,0 ,,0 ,0 ,0 ,,0 ,0 ,0 ,,0 ,0 ,0 ,,0 ,0 ,0 ,,0 ,0 ,0 ,,0 ,0 ,0 ,,0 ,0 ,0 ,,0 ,0 ,0 ,,0 ,0 ,0 ,,0 ,0 ,0 ,,0 ,0 ,0 ,,0 ,0 ,0 ,,0 ,0 ,0 ,,0 ,0 ,0 ,,0 ,0 ,0 ,,0 ,0 ,0 ,,0 ,0 ,0 ,,0 ,0 ,0 ,,0 ,0 ,0 ,,0 ,0 ,0 ,,0 ,0 ,0 ,,0 ,0 ,0 
Total 610400,Total Overtime,,0 ,0 ,0 ,0 ,0 ,0 ,0 ,0 ,0 ,0 ,,0 ,0 ,0 ,,0 ,0 ,0 ,,0 ,0 ,0 ,,0 ,0 ,0 ,,0 ,0 ,0 ,,0 ,0 ,0 ,,0 ,0 ,0 ,,0 ,0 ,0 ,,0 ,0 ,0 ,,0 ,0 ,0 ,,0 ,0 ,0 ,,0 ,0 ,0 ,,0 ,0 ,0 ,,0 ,0 ,0 ,,0 ,0 ,0 ,,0 ,0 ,0 ,,0 ,0 ,0 ,,0 ,0 ,0 ,,0 ,0 ,0 ,,0 ,0 ,0 ,,0 ,0 ,0 ,,0 ,0 ,0 ,,0 ,0 ,0 ,,0 ,0 ,0 ,,0 ,0 ,0 ,,0 ,0 ,0 ,,0 ,0 ,0 ,,0 ,0 ,0 
610500,HR:Benefits,,0 ,0 ,0 ,0 ,,0 ,0 ,0 ,0 ,0 ,,0 ,0 ,0 ,,0 ,0 ,0 ,,0 ,0 ,0 ,,0 ,0 ,0 ,,0 ,0 ,0 ,,0 ,0 ,0 ,,0 ,0 ,0 ,,0 ,0 ,0 ,,0 ,0 ,0 ,,0 ,0 ,0 ,,0 ,0 ,0 ,,0 ,0 ,0 ,,0 ,0 ,0 ,,0 ,0 ,0 ,,0 ,0 ,0 ,,0 ,0 ,0 ,,0 ,0 ,0 ,,0 ,0 ,0 ,,0 ,0 ,0 ,,0 ,0 ,0 ,,0 ,0 ,0 ,,0 ,0 ,0 ,,0 ,0 ,0 ,,0 ,0 ,0 ,,0 ,0 ,0 ,,0 ,0 ,0 ,,0 ,0 ,0 ,,0 ,0 ,0 
610501,Benefits,610500,0 ,0 ,0 ,0 ,,0 ,0 ,0 ,0 ,0 ,,0 ,0 ,0 ,,0 ,0 ,0 ,,0 ,0 ,0 ,,0 ,"2,956 ","-2,956 ",,0 ,0 ,0 ,,0 ,0 ,0 ,,0 ,0 ,0 ,,0 ,0 ,0 ,,0 ,0 ,0 ,,0 ,0 ,0 ,,0 ,0 ,0 ,,0 ,0 ,0 ,,0 ,0 ,0 ,,0 ,0 ,0 ,,0 ,0 ,0 ,,0 ,0 ,0 ,,0 ,0 ,0 ,,0 ,0 ,0 ,,0 ,0 ,0 ,,0 ,0 ,0 ,,0 ,0 ,0 ,,0 ,0 ,0 ,,0 ,0 ,0 ,,0 ,0 ,0 ,,0 ,0 ,0 ,,0 ,0 ,0 ,,0 ,0 ,0 ,,0 ,0 ,0 
610502,Vacation,,0 ,0 ,0 ,0 ,,0 ,0 ,0 ,0 ,0 ,,0 ,0 ,0 ,,0 ,"6,837 ","-6,837 ",,0 ,0 ,0 ,,0 ,0 ,0 ,,0 ,0 ,0 ,,0 ,0 ,0 ,,0 ,0 ,0 ,,0 ,0 ,0 ,,0 ,0 ,0 ,,0 ,0 ,0 ,,0 ,0 ,0 ,,0 ,0 ,0 ,,0 ,0 ,0 ,,0 ,0 ,0 ,,0 ,0 ,0 ,,0 ,0 ,0 ,,0 ,0 ,0 ,,0 ,0 ,0 ,,0 ,0 ,0 ,,0 ,0 ,0 ,,0 ,0 ,0 ,,0 ,0 ,0 ,,0 ,0 ,0 ,,0 ,0 ,0 ,,0 ,0 ,0 ,,0 ,0 ,0 ,,0 ,0 ,0 ,,0 ,0 ,0 
610503,Relocation,611200,0 ,0 ,0 ,0 ,,0 ,0 ,0 ,0 ,0 ,,0 ,0 ,0 ,,0 ,0 ,0 ,,0 ,0 ,0 ,,0 ,0 ,0 ,,0 ,0 ,0 ,,0 ,0 ,0 ,,0 ,0 ,0 ,,0 ,0 ,0 ,,0 ,0 ,0 ,,0 ,0 ,0 ,,0 ,0 ,0 ,,0 ,0 ,0 ,,0 ,0 ,0 ,,0 ,0 ,0 ,,0 ,0 ,0 ,,0 ,0 ,0 ,,0 ,0 ,0 ,,0 ,0 ,0 ,,0 ,0 ,0 ,,0 ,0 ,0 ,,0 ,0 ,0 ,,0 ,0 ,0 ,,0 ,0 ,0 ,,0 ,0 ,0 ,,0 ,0 ,0 ,,0 ,0 ,0 ,,0 ,0 ,0 ,,0 ,0 ,0 
610504,Retention,,0 ,0 ,0 ,0 ,,0 ,0 ,0 ,0 ,0 ,,0 ,0 ,0 ,,0 ,0 ,0 ,,0 ,0 ,0 ,,0 ,0 ,0 ,,0 ,0 ,0 ,,0 ,0 ,0 ,,0 ,0 ,0 ,,0 ,0 ,0 ,,0 ,0 ,0 ,,0 ,0 ,0 ,,0 ,0 ,0 ,,0 ,0 ,0 ,,0 ,0 ,0 ,,0 ,0 ,0 ,,0 ,0 ,0 ,,0 ,0 ,0 ,,0 ,0 ,0 ,,0 ,0 ,0 ,,0 ,0 ,0 ,,0 ,0 ,0 ,,0 ,0 ,0 ,,0 ,0 ,0 ,,0 ,0 ,0 ,,0 ,0 ,0 ,,0 ,0 ,0 ,,0 ,0 ,0 ,,0 ,0 ,0 ,,0 ,0 ,0 
610104,Directors Remuneration,,0 ,0 ,0 ,0 ,,0 ,0 ,0 ,0 ,0 ,,0 ,0 ,0 ,,0 ,0 ,0 ,,0 ,0 ,0 ,,0 ,0 ,0 ,,0 ,0 ,0 ,,0 ,0 ,0 ,,0 ,0 ,0 ,,0 ,"1,027 ","-1,027 ",,0 ,0 ,0 ,,0 ,0 ,0 ,,0 ,0 ,0 ,,0 ,0 ,0 ,,0 ,0 ,0 ,,0 ,0 ,0 ,,0 ,0 ,0 ,,0 ,0 ,0 ,,0 ,0 ,0 ,,0 ,0 ,0 ,,0 ,0 ,0 ,,0 ,0 ,0 ,,0 ,0 ,0 ,,0 ,0 ,0 ,,0 ,0 ,0 ,,0 ,0 ,0 ,,0 ,0 ,0 ,,0 ,0 ,0 ,,0 ,0 ,0 ,,0 ,0 ,0 
610105,Tax Benefit,,0 ,0 ,0 ,0 ,,0 ,0 ,0 ,0 ,0 ,,0 ,0 ,0 ,,0 ,0 ,0 ,,0 ,0 ,0 ,,0 ,0 ,0 ,,0 ,0 ,0 ,,0 ,0 ,0 ,,0 ,0 ,0 ,,0 ,0 ,0 ,,0 ,0 ,0 ,,0 ,0 ,0 ,,0 ,0 ,0 ,,0 ,0 ,0 ,,0 ,0 ,0 ,,0 ,0 ,0 ,,0 ,0 ,0 ,,0 ,0 ,0 ,,0 ,0 ,0 ,,0 ,0 ,0 ,,0 ,0 ,0 ,,0 ,0 ,0 ,,0 ,0 ,0 ,,0 ,0 ,0 ,,0 ,0 ,0 ,,0 ,0 ,0 ,,0 ,0 ,0 ,,0 ,0 ,0 ,,0 ,0 ,0 ,,0 ,0 ,0 
52102,Superannuation Expense,,0 ,0 ,0 ,0 ,,0 ,0 ,0 ,0 ,0 ,,0 ,0 ,0 ,,0 ,0 ,0 ,,0 ,0 ,0 ,,0 ,0 ,0 ,,0 ,0 ,0 ,,0 ,0 ,0 ,,0 ,0 ,0 ,,0 ,0 ,0 ,,0 ,0 ,0 ,,0 ,0 ,0 ,,0 ,0 ,0 ,,0 ,0 ,0 ,,0 ,0 ,0 ,,0 ,0 ,0 ,,0 ,0 ,0 ,,0 ,0 ,0 ,,0 ,0 ,0 ,,0 ,0 ,0 ,,0 ,0 ,0 ,,0 ,0 ,0 ,,0 ,0 ,0 ,,0 ,0 ,0 ,,0 ,0 ,0 ,,0 ,0 ,0 ,,0 ,0 ,0 ,,0 ,0 ,0 ,,0 ,0 ,0 ,,0 ,0 ,0 
52104,Employer National Insurance Expense,,0 ,0 ,0 ,0 ,,0 ,0 ,0 ,0 ,0 ,,0 ,0 ,0 ,,0 ,0 ,0 ,,0 ,0 ,0 ,,0 ,0 ,0 ,,0 ,0 ,0 ,,0 ,0 ,0 ,,0 ,0 ,0 ,,0 ,0 ,0 ,,0 ,0 ,0 ,,0 ,0 ,0 ,,0 ,0 ,0 ,,0 ,0 ,0 ,,0 ,0 ,0 ,,0 ,0 ,0 ,,0 ,0 ,0 ,,0 ,0 ,0 ,,0 ,0 ,0 ,,0 ,0 ,0 ,,0 ,0 ,0 ,,0 ,0 ,0 ,,0 ,0 ,0 ,,0 ,0 ,0 ,,0 ,0 ,0 ,,0 ,0 ,0 ,,0 ,0 ,0 ,,0 ,0 ,0 ,,0 ,0 ,0 ,,0 ,0 ,0 
52105,Taxes paid,,0 ,0 ,0 ,0 ,,0 ,0 ,0 ,0 ,0 ,,0 ,0 ,0 ,,0 ,0 ,0 ,,0 ,0 ,0 ,,0 ,0 ,0 ,,0 ,0 ,0 ,,0 ,0 ,0 ,,0 ,0 ,0 ,,0 ,0 ,0 ,,0 ,0 ,0 ,,0 ,0 ,0 ,,0 ,0 ,0 ,,0 ,0 ,0 ,,0 ,0 ,0 ,,0 ,0 ,0 ,,0 ,0 ,0 ,,0 ,0 ,0 ,,0 ,0 ,0 ,,0 ,0 ,0 ,,0 ,0 ,0 ,,0 ,0 ,0 ,,0 ,0 ,0 ,,0 ,0 ,0 ,,0 ,0 ,0 ,,0 ,0 ,0 ,,0 ,0 ,0 ,,0 ,0 ,0 ,,0 ,0 ,0 ,,0 ,0 ,0 
52107,Taxes,,0 ,0 ,0 ,0 ,,0 ,0 ,0 ,0 ,0 ,,0 ,0 ,0 ,,0 ,0 ,0 ,,0 ,0 ,0 ,,0 ,0 ,0 ,,0 ,0 ,0 ,,0 ,0 ,0 ,,0 ,0 ,0 ,,0 ,0 ,0 ,,0 ,0 ,0 ,,0 ,0 ,0 ,,0 ,0 ,0 ,,0 ,0 ,0 ,,0 ,0 ,0 ,,0 ,0 ,0 ,,0 ,0 ,0 ,,0 ,0 ,0 ,,0 ,0 ,0 ,,0 ,0 ,0 ,,0 ,0 ,0 ,,0 ,0 ,0 ,,0 ,0 ,0 ,,0 ,0 ,0 ,,0 ,0 ,0 ,,0 ,0 ,0 ,,0 ,0 ,0 ,,0 ,0 ,0 ,,0 ,0 ,0 ,,0 ,0 ,0 
610505,Employee health insurance,,0 ,0 ,0 ,0 ,,0 ,0 ,0 ,0 ,0 ,,0 ,0 ,0 ,,0 ,"1,997 ","-1,997 ",,0 ,"2,059 ","-2,059 ",,0 ,0 ,0 ,,0 ,0 ,0 ,,0 ,0 ,0 ,,0 ,0 ,0 ,,0 ,0 ,0 ,,0 ,0 ,0 ,,0 ,0 ,0 ,,0 ,0 ,0 ,,0 ,0 ,0 ,,0 ,0 ,0 ,,0 ,0 ,0 ,,0 ,0 ,0 ,,0 ,0 ,0 ,,0 ,0 ,0 ,,0 ,0 ,0 ,,0 ,0 ,0 ,,0 ,0 ,0 ,,0 ,0 ,0 ,,0 ,0 ,0 ,,0 ,0 ,0 ,,0 ,0 ,0 ,,0 ,0 ,0 ,,0 ,0 ,0 ,,0 ,0 ,0 ,,0 ,0 ,0 
610506,Employee LTD deduction,,0 ,0 ,0 ,0 ,,0 ,0 ,0 ,0 ,0 ,,0 ,0 ,0 ,,0 ,-137 ,137 ,,0 ,0 ,0 ,,0 ,0 ,0 ,,0 ,0 ,0 ,,0 ,0 ,0 ,,0 ,0 ,0 ,,0 ,0 ,0 ,,0 ,0 ,0 ,,0 ,0 ,0 ,,0 ,0 ,0 ,,0 ,0 ,0 ,,0 ,0 ,0 ,,0 ,0 ,0 ,,0 ,0 ,0 ,,0 ,0 ,0 ,,0 ,0 ,0 ,,0 ,0 ,0 ,,0 ,0 ,0 ,,0 ,0 ,0 ,,0 ,0 ,0 ,,0 ,0 ,0 ,,0 ,0 ,0 ,,0 ,0 ,0 ,,0 ,0 ,0 ,,0 ,0 ,0 ,,0 ,0 ,0 ,,0 ,0 ,0 
610507, Employer RRSP Benefit,,0 ,0 ,0 ,0 ,,0 ,0 ,0 ,0 ,0 ,,0 ,0 ,0 ,,0 ,"5,105 ","-5,105 ",,0 ,0 ,0 ,,0 ,0 ,0 ,,0 ,0 ,0 ,,0 ,0 ,0 ,,0 ,0 ,0 ,,0 ,0 ,0 ,,0 ,0 ,0 ,,0 ,0 ,0 ,,0 ,0 ,0 ,,0 ,0 ,0 ,,0 ,0 ,0 ,,0 ,0 ,0 ,,0 ,0 ,0 ,,0 ,0 ,0 ,,0 ,0 ,0 ,,0 ,0 ,0 ,,0 ,0 ,0 ,,0 ,0 ,0 ,,0 ,0 ,0 ,,0 ,0 ,0 ,,0 ,0 ,0 ,,0 ,0 ,0 ,,0 ,0 ,0 ,,0 ,0 ,0 ,,0 ,0 ,0 ,,0 ,0 ,0 
610508,Tax benefits,,0 ,0 ,0 ,0 ,,0 ,0 ,0 ,0 ,0 ,,0 ,0 ,0 ,,0 ,0 ,0 ,,0 ,0 ,0 ,,0 ,"1,656 ","-1,656 ",,0 ,0 ,0 ,,0 ,0 ,0 ,,0 ,0 ,0 ,,0 ,0 ,0 ,,0 ,0 ,0 ,,0 ,-0 ,0 ,,0 ,0 ,0 ,,0 ,0 ,0 ,,0 ,0 ,0 ,,0 ,0 ,0 ,,0 ,0 ,0 ,,0 ,0 ,0 ,,0 ,0 ,0 ,,0 ,0 ,0 ,,0 ,0 ,0 ,,0 ,0 ,0 ,,0 ,0 ,0 ,,0 ,0 ,0 ,,0 ,0 ,0 ,,0 ,0 ,0 ,,0 ,0 ,0 ,,0 ,0 ,0 ,,0 ,0 ,0 ,,0 ,0 ,0 
610509,Allowances,611300,0 ,0 ,,0 ,,0 ,0 ,0 ,0 ,,,0 ,0 ,0 ,,0 ,0 ,0 ,,0 ,317 ,-317 ,,0 ,0 ,0 ,,0 ,0 ,0 ,,0 ,0 ,0 ,,0 ,0 ,0 ,,0 ,0 ,0 ,,0 ,0 ,0 ,,0 ,0 ,0 ,,0 ,0 ,0 ,,0 ,0 ,0 ,,0 ,0 ,0 ,,0 ,0 ,0 ,,0 ,0 ,0 ,,0 ,0 ,0 ,,0 ,0 ,0 ,,0 ,0 ,0 ,,0 ,0 ,0 ,,0 ,0 ,0 ,,0 ,0 ,0 ,,0 ,0 ,0 ,,0 ,0 ,0 ,,0 ,0 ,0 ,,0 ,0 ,0 ,,0 ,0 ,0 ,,0 ,0 ,0 ,,0 ,0 ,0 
Total 610500,Total Benefits,,0 ,0 ,0 ,0 ,0 ,0 ,0 ,0 ,0 ,0 ,,0 ,0 ,0 ,,0 ,"13,802 ","13,802 ",,0 ,"2,376 ","2,376 ",,0 ,"4,612 ","4,612 ",,0 ,0 ,0 ,,0 ,0 ,0 ,,0 ,0 ,0 ,,0 ,"1,027 ","1,027 ",,0 ,0 ,0 ,,0 ,-0 ,-0 ,,0 ,0 ,0 ,,0 ,0 ,0 ,,0 ,0 ,0 ,,0 ,0 ,0 ,,0 ,0 ,0 ,,0 ,0 ,0 ,,0 ,0 ,0 ,,0 ,0 ,0 ,,0 ,0 ,0 ,,0 ,0 ,0 ,,0 ,0 ,0 ,,0 ,0 ,0 ,,0 ,0 ,0 ,,0 ,0 ,0 ,,0 ,0 ,0 ,,0 ,0 ,0 ,,0 ,0 ,0 ,,0 ,0 ,0 
610600,Bonus,,0 ,0 ,0 ,0 ,,0 ,0 ,0 ,0 ,0 ,,0 ,0 ,0 ,,0 ,0 ,0 ,,0 ,0 ,0 ,,0 ,0 ,0 ,,0 ,0 ,0 ,,0 ,0 ,0 ,,0 ,0 ,0 ,,0 ,0 ,0 ,,0 ,0 ,0 ,,0 ,0 ,0 ,,0 ,0 ,0 ,,0 ,0 ,0 ,,0 ,0 ,0 ,,0 ,0 ,0 ,,0 ,0 ,0 ,,0 ,0 ,0 ,,0 ,0 ,0 ,,0 ,0 ,0 ,,0 ,0 ,0 ,,0 ,0 ,0 ,,0 ,0 ,0 ,,0 ,0 ,0 ,,0 ,0 ,0 ,,0 ,0 ,0 ,,0 ,0 ,0 ,,0 ,0 ,0 ,,0 ,0 ,0 ,,0 ,0 ,0 
610601,NPP/BONUS,610600,0 ,0 ,0 ,0 ,,0 ,0 ,0 ,0 ,0 ,,0 ,0 ,0 ,,0 ,"68,514 ","-68,514 ",,0 ,"17,589 ","-17,589 ",,0 ,"20,833 ","-20,833 ",,0 ,0 ,0 ,,0 ,0 ,0 ,,0 ,0 ,0 ,,0 ,278 ,-278 ,,0 ,0 ,0 ,,0 ,"17,924 ","-17,924 ",,0 ,0 ,0 ,,0 ,0 ,0 ,,0 ,0 ,0 ,,0 ,0 ,0 ,,0 ,0 ,0 ,,0 ,0 ,0 ,,0 ,0 ,0 ,,0 ,0 ,0 ,,0 ,0 ,0 ,,0 ,0 ,0 ,,0 ,0 ,0 ,,0 ,0 ,0 ,,0 ,0 ,0 ,,0 ,0 ,0 ,,0 ,0 ,0 ,,0 ,0 ,0 ,,0 ,0 ,0 ,,0 ,0 ,0 
610602,Commission,,0 ,0 ,0 ,0 ,,0 ,0 ,0 ,0 ,0 ,,0 ,0 ,0 ,,0 ,0 ,0 ,,0 ,0 ,0 ,,0 ,0 ,0 ,,0 ,0 ,0 ,,0 ,0 ,0 ,,0 ,0 ,0 ,,0 ,0 ,0 ,,0 ,0 ,0 ,,0 ,0 ,0 ,,0 ,0 ,0 ,,0 ,0 ,0 ,,0 ,0 ,0 ,,0 ,0 ,0 ,,0 ,0 ,0 ,,0 ,0 ,0 ,,0 ,0 ,0 ,,0 ,0 ,0 ,,0 ,0 ,0 ,,0 ,0 ,0 ,,0 ,0 ,0 ,,0 ,0 ,0 ,,0 ,0 ,0 ,,0 ,0 ,0 ,,0 ,0 ,0 ,,0 ,0 ,0 ,,0 ,0 ,0 ,,0 ,0 ,0 
Total 610600,Total Bonus,,0 ,0 ,0 ,0 ,0 ,0 ,0 ,0 ,0 ,0 ,,0 ,0 ,0 ,,0 ,"68,514 ","68,514 ",,0 ,"17,589 ","17,589 ",,0 ,"20,833 ","20,833 ",,0 ,0 ,0 ,,0 ,0 ,0 ,,0 ,0 ,0 ,,0 ,278 ,278 ,,0 ,0 ,0 ,,0 ,"17,924 ","17,924 ",,0 ,0 ,0 ,,0 ,0 ,0 ,,0 ,0 ,0 ,,0 ,0 ,0 ,,0 ,0 ,0 ,,0 ,0 ,0 ,,0 ,0 ,0 ,,0 ,0 ,0 ,,0 ,0 ,0 ,,0 ,0 ,0 ,,0 ,0 ,0 ,,0 ,0 ,0 ,,0 ,0 ,0 ,,0 ,0 ,0 ,,0 ,0 ,0 ,,0 ,0 ,0 ,,0 ,0 ,0 ,,0 ,0 ,0 
54801,Intercompany Charges,,0 ,0 ,0 ,0 ,,0 ,0 ,0 ,0 ,0 ,,0 ,0 ,0 ,,0 ,0 ,0 ,,0 ,0 ,0 ,,0 ,0 ,0 ,,0 ,0 ,0 ,,0 ,0 ,0 ,,0 ,0 ,0 ,,0 ,0 ,0 ,,0 ,0 ,0 ,,0 ,0 ,0 ,,0 ,0 ,0 ,,0 ,0 ,0 ,,0 ,0 ,0 ,,0 ,0 ,0 ,,0 ,0 ,0 ,,0 ,0 ,0 ,,0 ,0 ,0 ,,0 ,0 ,0 ,,0 ,0 ,0 ,,0 ,0 ,0 ,,0 ,0 ,0 ,,0 ,0 ,0 ,,0 ,0 ,0 ,,0 ,0 ,0 ,,0 ,0 ,0 ,,0 ,0 ,0 ,,0 ,0 ,0 ,,0 ,0 ,0 
54802,Intercompany Charges - US,,0 ,0 ,0 ,0 ,,0 ,0 ,0 ,0 ,0 ,,0 ,0 ,0 ,,0 ,0 ,0 ,,0 ,0 ,0 ,,0 ,0 ,0 ,,0 ,0 ,0 ,,0 ,0 ,0 ,,0 ,0 ,0 ,,0 ,0 ,0 ,,0 ,0 ,0 ,,0 ,0 ,0 ,,0 ,0 ,0 ,,0 ,0 ,0 ,,0 ,0 ,0 ,,0 ,0 ,0 ,,0 ,0 ,0 ,,0 ,0 ,0 ,,0 ,0 ,0 ,,0 ,0 ,0 ,,0 ,0 ,0 ,,0 ,0 ,0 ,,0 ,0 ,0 ,,0 ,0 ,0 ,,0 ,0 ,0 ,,0 ,0 ,0 ,,0 ,0 ,0 ,,0 ,0 ,0 ,,0 ,0 ,0 ,,0 ,0 ,0 
54803,Intercompany Charges - UK,,0 ,0 ,0 ,0 ,,0 ,0 ,0 ,0 ,0 ,,0 ,0 ,0 ,,0 ,0 ,0 ,,0 ,0 ,0 ,,0 ,0 ,0 ,,0 ,0 ,0 ,,0 ,0 ,0 ,,0 ,0 ,0 ,,0 ,0 ,0 ,,0 ,0 ,0 ,,0 ,0 ,0 ,,0 ,0 ,0 ,,0 ,0 ,0 ,,0 ,0 ,0 ,,0 ,0 ,0 ,,0 ,0 ,0 ,,0 ,0 ,0 ,,0 ,0 ,0 ,,0 ,0 ,0 ,,0 ,0 ,0 ,,0 ,0 ,0 ,,0 ,0 ,0 ,,0 ,0 ,0 ,,0 ,0 ,0 ,,0 ,0 ,0 ,,0 ,0 ,0 ,,0 ,0 ,0 ,,0 ,0 ,0 ,,0 ,0 ,0 
54804,Intercompany Charges - AUS,,0 ,0 ,0 ,0 ,,0 ,0 ,0 ,0 ,0 ,,0 ,0 ,0 ,,0 ,0 ,0 ,,0 ,0 ,0 ,,0 ,0 ,0 ,,0 ,0 ,0 ,,0 ,0 ,0 ,,0 ,0 ,0 ,,0 ,0 ,0 ,,0 ,0 ,0 ,,0 ,0 ,0 ,,0 ,0 ,0 ,,0 ,0 ,0 ,,0 ,0 ,0 ,,0 ,0 ,0 ,,0 ,0 ,0 ,,0 ,0 ,0 ,,0 ,0 ,0 ,,0 ,0 ,0 ,,0 ,0 ,0 ,,0 ,0 ,0 ,,0 ,0 ,0 ,,0 ,0 ,0 ,,0 ,0 ,0 ,,0 ,0 ,0 ,,0 ,0 ,0 ,,0 ,0 ,0 ,,0 ,0 ,0 ,,0 ,0 ,0 
54805,Intercompany Charges - EGY,,0 ,0 ,0 ,0 ,,0 ,0 ,0 ,0 ,0 ,,0 ,0 ,0 ,,0 ,0 ,0 ,,0 ,0 ,0 ,,0 ,0 ,0 ,,0 ,0 ,0 ,,0 ,0 ,0 ,,0 ,0 ,0 ,,0 ,0 ,0 ,,0 ,0 ,0 ,,0 ,0 ,0 ,,0 ,0 ,0 ,,0 ,0 ,0 ,,0 ,0 ,0 ,,0 ,0 ,0 ,,0 ,0 ,0 ,,0 ,0 ,0 ,,0 ,0 ,0 ,,0 ,0 ,0 ,,0 ,0 ,0 ,,0 ,0 ,0 ,,0 ,0 ,0 ,,0 ,0 ,0 ,,0 ,0 ,0 ,,0 ,0 ,0 ,,0 ,0 ,0 ,,0 ,0 ,0 ,,0 ,0 ,0 ,,0 ,0 ,0 
54806,Intercompany Charges - IND,,0 ,0 ,0 ,0 ,,0 ,0 ,0 ,0 ,0 ,,0 ,0 ,0 ,,0 ,0 ,0 ,,0 ,0 ,0 ,,0 ,0 ,0 ,,0 ,0 ,0 ,,0 ,0 ,0 ,,0 ,0 ,0 ,,0 ,0 ,0 ,,0 ,0 ,0 ,,0 ,0 ,0 ,,0 ,0 ,0 ,,0 ,0 ,0 ,,0 ,0 ,0 ,,0 ,0 ,0 ,,0 ,0 ,0 ,,0 ,0 ,0 ,,0 ,0 ,0 ,,0 ,0 ,0 ,,0 ,0 ,0 ,,0 ,0 ,0 ,,0 ,0 ,0 ,,0 ,0 ,0 ,,0 ,0 ,0 ,,0 ,0 ,0 ,,0 ,0 ,0 ,,0 ,0 ,0 ,,0 ,0 ,0 ,,0 ,0 ,0 
Total 54800,Intercompany Charges - US,,0 ,0 ,0 ,0 ,0 ,0 ,0 ,0 ,0 ,0 ,,0 ,0 ,0 ,,0 ,0 ,0 ,,0 ,0 ,0 ,,0 ,0 ,0 ,,0 ,0 ,0 ,,0 ,0 ,0 ,,0 ,0 ,0 ,,0 ,0 ,0 ,,0 ,0 ,0 ,,0 ,0 ,0 ,,0 ,0 ,0 ,,0 ,0 ,0 ,,0 ,0 ,0 ,,0 ,0 ,0 ,,0 ,0 ,0 ,,0 ,0 ,0 ,,0 ,0 ,0 ,,0 ,0 ,0 ,,0 ,0 ,0 ,,0 ,0 ,0 ,,0 ,0 ,0 ,,0 ,0 ,0 ,,0 ,0 ,0 ,,0 ,0 ,0 ,,0 ,0 ,0 ,,0 ,0 ,0 ,,0 ,0 ,0 ,,0 ,0 ,0 
610700,Severance,,0 ,0 ,0 ,0 ,,0 ,0 ,0 ,0 ,0 ,,0 ,0 ,0 ,,0 ,0 ,0 ,,0 ,0 ,0 ,,0 ,0 ,0 ,,0 ,0 ,0 ,,0 ,0 ,0 ,,0 ,0 ,0 ,,0 ,0 ,0 ,,0 ,0 ,0 ,,0 ,0 ,0 ,,0 ,0 ,0 ,,0 ,0 ,0 ,,0 ,0 ,0 ,,0 ,0 ,0 ,,0 ,0 ,0 ,,0 ,0 ,0 ,,0 ,0 ,0 ,,0 ,0 ,0 ,,0 ,0 ,0 ,,0 ,0 ,0 ,,0 ,0 ,0 ,,0 ,0 ,0 ,,0 ,0 ,0 ,,0 ,0 ,0 ,,0 ,0 ,0 ,,0 ,0 ,0 ,,0 ,0 ,0 ,,0 ,0 ,0 
610701,Severance Payment/Misc,,0 ,0 ,0 ,0 ,,0 ,0 ,0 ,0 ,0 ,,0 ,0 ,0 ,,0 ,0 ,0 ,,0 ,0 ,0 ,,0 ,0 ,0 ,,0 ,0 ,0 ,,0 ,0 ,0 ,,0 ,0 ,0 ,,0 ,0 ,0 ,,0 ,0 ,0 ,,0 ,0 ,0 ,,0 ,0 ,0 ,,0 ,0 ,0 ,,0 ,0 ,0 ,,0 ,0 ,0 ,,0 ,0 ,0 ,,0 ,0 ,0 ,,0 ,0 ,0 ,,0 ,0 ,0 ,,0 ,0 ,0 ,,0 ,0 ,0 ,,0 ,0 ,0 ,,0 ,0 ,0 ,,0 ,0 ,0 ,,0 ,0 ,0 ,,0 ,0 ,0 ,,0 ,0 ,0 ,,0 ,0 ,0 ,,0 ,0 ,0 
Total 610700,Severance Payment,,0 ,0 ,0 ,0 ,0 ,0 ,0 ,0 ,0 ,0 ,,0 ,0 ,0 ,,0 ,0 ,0 ,,0 ,0 ,0 ,,0 ,0 ,0 ,,0 ,0 ,0 ,,0 ,0 ,0 ,,0 ,0 ,0 ,,0 ,0 ,0 ,,0 ,0 ,0 ,,0 ,0 ,0 ,,0 ,0 ,0 ,,0 ,0 ,0 ,,0 ,0 ,0 ,,0 ,0 ,0 ,,0 ,0 ,0 ,,0 ,0 ,0 ,,0 ,0 ,0 ,,0 ,0 ,0 ,,0 ,0 ,0 ,,0 ,0 ,0 ,,0 ,0 ,0 ,,0 ,0 ,0 ,,0 ,0 ,0 ,,0 ,0 ,0 ,,0 ,0 ,0 ,,0 ,0 ,0 ,,0 ,0 ,0 ,,0 ,0 ,0 
618000, Recruitment,,0 ,0 ,0 ,0 ,,0 ,0 ,0 ,0 ,0 ,,0 ,0 ,0 ,,0 ,0 ,0 ,,0 ,0 ,0 ,,0 ,0 ,0 ,,0 ,0 ,0 ,,0 ,0 ,0 ,,0 ,0 ,0 ,,0 ,0 ,0 ,,0 ,0 ,0 ,,0 ,0 ,0 ,,0 ,0 ,0 ,,0 ,0 ,0 ,,0 ,0 ,0 ,,0 ,0 ,0 ,,0 ,0 ,0 ,,0 ,0 ,0 ,,0 ,0 ,0 ,,0 ,0 ,0 ,,0 ,0 ,0 ,,0 ,0 ,0 ,,0 ,0 ,0 ,,0 ,0 ,0 ,,0 ,0 ,0 ,,0 ,0 ,0 ,,0 ,0 ,0 ,,0 ,0 ,0 ,,0 ,0 ,0 ,,0 ,0 ,0 
610801,Immigration Related Expenses,,0 ,0 ,0 ,0 ,,0 ,0 ,0 ,0 ,0 ,,0 ,0 ,0 ,,0 ,0 ,0 ,,0 ,0 ,0 ,,0 ,0 ,0 ,,0 ,0 ,0 ,,0 ,0 ,0 ,,0 ,0 ,0 ,,0 ,0 ,0 ,,0 ,0 ,0 ,,0 ,0 ,0 ,,0 ,0 ,0 ,,0 ,0 ,0 ,,0 ,0 ,0 ,,0 ,0 ,0 ,,0 ,0 ,0 ,,0 ,0 ,0 ,,0 ,0 ,0 ,,0 ,0 ,0 ,,0 ,0 ,0 ,,0 ,0 ,0 ,,0 ,0 ,0 ,,0 ,0 ,0 ,,0 ,0 ,0 ,,0 ,0 ,0 ,,0 ,0 ,0 ,,0 ,0 ,0 ,,0 ,0 ,0 ,,0 ,0 ,0 
610802,Hiring ADS,,0 ,0 ,0 ,0 ,,0 ,0 ,0 ,0 ,0 ,,0 ,0 ,0 ,,0 ,0 ,0 ,,0 ,0 ,0 ,,0 ,0 ,0 ,,0 ,0 ,0 ,,0 ,0 ,0 ,,0 ,0 ,0 ,,0 ,0 ,0 ,,0 ,0 ,0 ,,0 ,0 ,0 ,,0 ,0 ,0 ,,0 ,0 ,0 ,,0 ,0 ,0 ,,0 ,0 ,0 ,,0 ,0 ,0 ,,0 ,0 ,0 ,,0 ,0 ,0 ,,0 ,0 ,0 ,,0 ,0 ,0 ,,0 ,0 ,0 ,,0 ,0 ,0 ,,0 ,0 ,0 ,,0 ,0 ,0 ,,0 ,0 ,0 ,,0 ,0 ,0 ,,0 ,0 ,0 ,,0 ,0 ,0 ,,0 ,0 ,0 
610803,Recruitment Agencies,610800,0 ,0 ,0 ,0 ,,0 ,0 ,0 ,0 ,0 ,,0 ,0 ,0 ,,0 ,0 ,0 ,,0 ,0 ,0 ,,0 ,0 ,0 ,,0 ,0 ,0 ,,0 ,0 ,0 ,,0 ,0 ,0 ,,0 ,0 ,0 ,,0 ,0 ,0 ,,0 ,231 ,-231 ,,0 ,0 ,0 ,,0 ,0 ,0 ,,0 ,0 ,0 ,,0 ,0 ,0 ,,0 ,0 ,0 ,,0 ,0 ,0 ,,0 ,0 ,0 ,,0 ,0 ,0 ,,0 ,0 ,0 ,,0 ,0 ,0 ,,0 ,0 ,0 ,,0 ,0 ,0 ,,0 ,0 ,0 ,,0 ,0 ,0 ,,0 ,0 ,0 ,,0 ,0 ,0 ,,0 ,0 ,0 ,,0 ,0 ,0 
Total 618000,Staff Recruitment,,0 ,0 ,0 ,0 ,0 ,0 ,0 ,0 ,0 ,0 ,,0 ,0 ,0 ,,0 ,0 ,0 ,,0 ,0 ,0 ,,0 ,0 ,0 ,,0 ,0 ,0 ,,0 ,0 ,0 ,,0 ,0 ,0 ,,0 ,0 ,0 ,,0 ,0 ,0 ,,0 ,231 ,231 ,,0 ,0 ,0 ,,0 ,0 ,0 ,,0 ,0 ,0 ,,0 ,0 ,0 ,,0 ,0 ,0 ,,0 ,0 ,0 ,,0 ,0 ,0 ,,0 ,0 ,0 ,,0 ,0 ,0 ,,0 ,0 ,0 ,,0 ,0 ,0 ,,0 ,0 ,0 ,,0 ,0 ,0 ,,0 ,0 ,0 ,,0 ,0 ,0 ,,0 ,0 ,0 ,,0 ,0 ,0 ,,0 ,0 ,0 
610900,Operating Expenses:HR:Staff Training,,0 ,0 ,0 ,0 ,,0 ,0 ,0 ,0 ,0 ,,0 ,0 ,0 ,,0 ,0 ,0 ,,0 ,0 ,0 ,,0 ,0 ,0 ,,0 ,0 ,0 ,,0 ,0 ,0 ,,0 ,0 ,0 ,,0 ,0 ,0 ,,0 ,0 ,0 ,,0 ,0 ,0 ,,0 ,0 ,0 ,,0 ,0 ,0 ,,0 ,0 ,0 ,,0 ,0 ,0 ,,0 ,0 ,0 ,,0 ,0 ,0 ,,0 ,0 ,0 ,,0 ,0 ,0 ,,0 ,0 ,0 ,,0 ,0 ,0 ,,0 ,0 ,0 ,,0 ,0 ,0 ,,0 ,0 ,0 ,,0 ,0 ,0 ,,0 ,0 ,0 ,,0 ,0 ,0 ,,0 ,0 ,0 ,,0 ,0 ,0 
610901,Training,610900,0 ,0 ,0 ,0 ,,0 ,0 ,0 ,0 ,0 ,,0 ,0 ,0 ,,0 ,313 ,-313 ,,0 ,0 ,0 ,,0 ,0 ,0 ,,0 ,0 ,0 ,,0 ,0 ,0 ,,0 ,0 ,0 ,,0 ,0 ,0 ,,0 ,0 ,0 ,,0 ,"1,024 ","-1,024 ",,0 ,0 ,0 ,,0 ,0 ,0 ,,0 ,0 ,0 ,,0 ,0 ,0 ,,0 ,0 ,0 ,,0 ,0 ,0 ,,0 ,0 ,0 ,,0 ,0 ,0 ,,0 ,0 ,0 ,,0 ,0 ,0 ,,0 ,0 ,0 ,,0 ,0 ,0 ,,0 ,0 ,0 ,,0 ,0 ,0 ,,0 ,0 ,0 ,,0 ,0 ,0 ,,0 ,0 ,0 ,,0 ,0 ,0 
Total 610900, Staff Training,,0 ,0 ,0 ,0 ,0 ,0 ,0 ,0 ,0 ,0 ,,0 ,0 ,0 ,,0 ,313 ,313 ,,0 ,0 ,0 ,,0 ,0 ,0 ,,0 ,0 ,0 ,,0 ,0 ,0 ,,0 ,0 ,0 ,,0 ,0 ,0 ,,0 ,0 ,0 ,,0 ,"1,024 ","1,024 ",,0 ,0 ,0 ,,0 ,0 ,0 ,,0 ,0 ,0 ,,0 ,0 ,0 ,,0 ,0 ,0 ,,0 ,0 ,0 ,,0 ,0 ,0 ,,0 ,0 ,0 ,,0 ,0 ,0 ,,0 ,0 ,0 ,,0 ,0 ,0 ,,0 ,0 ,0 ,,0 ,0 ,0 ,,0 ,0 ,0 ,,0 ,0 ,0 ,,0 ,0 ,0 ,,0 ,0 ,0 ,,0 ,0 ,0 
Total 610000, HR Cost,,0 ,0 ,0 ,0 ,0 ,0 ,0 ,0 ,0 ,0 ,,0 ,0 ,0 ,,0 ,"214,610 ","214,610 ",,0 ,"63,061 ","63,061 ",,0 ,"73,089 ","73,089 ",,0 ,0 ,0 ,,0 ,0 ,0 ,,0 ,0 ,0 ,,0 ,"1,486 ","1,486 ",,0 ,0 ,0 ,,0 ,"122,495 ","122,495 ",,0 ,0 ,0 ,,0 ,0 ,0 ,,0 ,0 ,0 ,,0 ,0 ,0 ,,0 ,0 ,0 ,,0 ,0 ,0 ,,0 ,0 ,0 ,,0 ,0 ,0 ,,0 ,0 ,0 ,,0 ,0 ,0 ,,0 ,0 ,0 ,,0 ,0 ,0 ,,0 ,0 ,0 ,,0 ,0 ,0 ,,0 ,0 ,0 ,,0 ,0 ,0 ,,0 ,0 ,0 ,,0 ,0 ,0 
620000, Commercial Cost,,0 ,,,0 ,,0 ,0 ,0 ,0 ,,,,,,,,,,,,,,,,,,,,,,,,,,,,,,,,,,,,,,,,,,,,,,,,,,,,,,,,,,,,,,,,,,,,,,,,,,,,,,,,,,,,,,,,,,,,,,,,,,,,,,,,,,,,,,,,,
620101,Advertising,620100,0 ,0 ,0 ,0 ,,0 ,0 ,0 ,0 ,0 ,,0 ,0 ,0 ,,0 ,"2,869 ","-2,869 ",,0 ,0 ,0 ,,0 ,0 ,0 ,,0 ,0 ,0 ,,0 ,0 ,0 ,,0 ,0 ,0 ,,0 ,0 ,0 ,,0 ,0 ,0 ,,0 ,0 ,-0 ,,0 ,0 ,0 ,,0 ,0 ,0 ,,0 ,0 ,0 ,,0 ,0 ,0 ,,0 ,0 ,0 ,,0 ,0 ,0 ,,0 ,0 ,0 ,,0 ,0 ,0 ,,0 ,0 ,0 ,,0 ,0 ,0 ,,0 ,0 ,0 ,,0 ,0 ,0 ,,0 ,0 ,0 ,,0 ,0 ,0 ,,0 ,0 ,0 ,,0 ,0 ,0 ,,0 ,0 ,0 ,,0 ,0 ,0 
620205,Promotion,,0 ,0 ,0 ,0 ,,0 ,0 ,0 ,0 ,0 ,,0 ,0 ,0 ,,0 ,0 ,0 ,,0 ,0 ,0 ,,0 ,0 ,0 ,,0 ,0 ,0 ,,0 ,0 ,0 ,,0 ,0 ,0 ,,0 ,0 ,0 ,,0 ,0 ,0 ,,0 ,0 ,0 ,,0 ,0 ,0 ,,0 ,0 ,0 ,,0 ,0 ,0 ,,0 ,0 ,0 ,,0 ,0 ,0 ,,0 ,0 ,0 ,,0 ,0 ,0 ,,0 ,0 ,0 ,,0 ,0 ,0 ,,0 ,0 ,0 ,,0 ,0 ,0 ,,0 ,0 ,0 ,,0 ,0 ,0 ,,0 ,0 ,0 ,,0 ,0 ,0 ,,0 ,0 ,0 ,,0 ,0 ,0 ,,0 ,0 ,0 
620306,Sponsorships & Events,620300,0 ,0 ,0 ,0 ,,0 ,0 ,0 ,0 ,0 ,,0 ,0 ,0 ,,0 ,0 ,0 ,,0 ,0 ,0 ,,0 ,0 ,0 ,,0 ,0 ,0 ,,0 ,0 ,0 ,,0 ,0 ,0 ,,0 ,0 ,0 ,,0 ,0 ,0 ,,0 ,0 ,0 ,,0 ,0 ,0 ,,0 ,0 ,0 ,,0 ,0 ,0 ,,0 ,0 ,0 ,,0 ,0 ,0 ,,0 ,0 ,0 ,,0 ,0 ,0 ,,0 ,0 ,0 ,,0 ,0 ,0 ,,0 ,0 ,0 ,,0 ,0 ,0 ,,0 ,0 ,0 ,,0 ,0 ,0 ,,0 ,0 ,0 ,,0 ,0 ,0 ,,0 ,0 ,0 ,,0 ,0 ,0 ,,0 ,0 ,0 
620403,Market Research,620400,0 ,0 ,0 ,0 ,,0 ,0 ,0 ,0 ,0 ,,0 ,0 ,0 ,,0 ,328 ,-328 ,,0 ,0 ,0 ,,0 ,0 ,0 ,,0 ,0 ,0 ,,0 ,0 ,0 ,,0 ,0 ,0 ,,0 ,0 ,0 ,,0 ,0 ,0 ,,0 ,0 ,0 ,,0 ,0 ,0 ,,0 ,0 ,0 ,,0 ,0 ,0 ,,0 ,0 ,0 ,,0 ,0 ,0 ,,0 ,0 ,0 ,,0 ,0 ,0 ,,0 ,0 ,0 ,,0 ,0 ,0 ,,0 ,0 ,0 ,,0 ,0 ,0 ,,0 ,0 ,0 ,,0 ,0 ,0 ,,0 ,0 ,0 ,,0 ,0 ,0 ,,0 ,0 ,0 ,,0 ,0 ,0 ,,0 ,0 ,0 
620507,Digital Online (Commercial),620500,0 ,0 ,0 ,0 ,,0 ,0 ,0 ,0 ,0 ,,0 ,0 ,0 ,,0 ,0 ,0 ,,0 ,0 ,0 ,,0 ,0 ,0 ,,0 ,0 ,0 ,,0 ,0 ,0 ,,0 ,0 ,0 ,,0 ,0 ,0 ,,0 ,0 ,0 ,,0 ,0 ,0 ,,0 ,0 ,0 ,,0 ,0 ,0 ,,0 ,0 ,0 ,,0 ,0 ,0 ,,0 ,0 ,0 ,,0 ,0 ,0 ,,0 ,0 ,0 ,,0 ,0 ,0 ,,0 ,0 ,0 ,,0 ,0 ,0 ,,0 ,0 ,0 ,,0 ,0 ,0 ,,0 ,0 ,0 ,,0 ,0 ,0 ,,0 ,0 ,0 ,,0 ,0 ,0 ,,0 ,0 ,0 ,,0 ,0 ,0 
620602,Other Marketing Expenses,620600,0 ,0 ,0 ,0 ,,0 ,0 ,0 ,0 ,0 ,,0 ,0 ,0 ,,0 ,0 ,0 ,,0 ,0 ,0 ,,0 ,0 ,0 ,,0 ,0 ,0 ,,0 ,0 ,0 ,,0 ,0 ,0 ,,0 ,0 ,0 ,,0 ,0 ,0 ,,0 ,0 ,0 ,,0 ,0 ,0 ,,0 ,0 ,0 ,,0 ,0 ,0 ,,0 ,0 ,0 ,,0 ,0 ,0 ,,0 ,0 ,0 ,,0 ,0 ,0 ,,0 ,0 ,0 ,,0 ,0 ,0 ,,0 ,0 ,0 ,,0 ,0 ,0 ,,0 ,0 ,0 ,,0 ,0 ,0 ,,0 ,0 ,0 ,,0 ,0 ,0 ,,0 ,0 ,0 ,,0 ,0 ,0 ,,0 ,0 ,0 
Total 620000, Commercial Cost,,0 ,0 ,0 ,0 ,0 ,0 ,0 ,0 ,0 ,0 ,,0 ,0 ,0 ,,0 ,"3,197 ","3,197 ",,0 ,0 ,0 ,,0 ,0 ,0 ,,0 ,0 ,0 ,,0 ,0 ,0 ,,0 ,0 ,0 ,,0 ,0 ,0 ,,0 ,0 ,0 ,,0 ,0 ,0 ,,0 ,0 ,0 ,,0 ,0 ,0 ,,0 ,0 ,0 ,,0 ,0 ,0 ,,0 ,0 ,0 ,,0 ,0 ,0 ,,0 ,0 ,0 ,,0 ,0 ,0 ,,0 ,0 ,0 ,,0 ,0 ,0 ,,0 ,0 ,0 ,,0 ,0 ,0 ,,0 ,0 ,0 ,,0 ,0 ,0 ,,0 ,0 ,0 ,,0 ,0 ,0 ,,0 ,0 ,0 ,,0 ,0 ,0 
630000,Technology,,0 ,,,0 ,,0 ,0 ,0 ,0 ,,,0 ,0 ,0 ,,0 ,0 ,0 ,,0 ,0 ,0 ,,0 ,0 ,0 ,,0 ,0 ,0 ,,0 ,0 ,0 ,,0 ,0 ,0 ,,0 ,0 ,0 ,,0 ,0 ,0 ,,0 ,0 ,0 ,,,,,,,,,,,,,,,,,,,,,,,,,,,,,,,,,,,,,,,,,,,,,,,,,,,,,,,,,,,,,,,,,,,,,,,,
630101,"Fee, License and Subscription",630100,0 ,0 ,0 ,0 ,,0 ,0 ,0 ,0 ,0 ,,0 ,0 ,0 ,,0 ,"31,597 ","-31,597 ",,0 ,0 ,0 ,,0 ,730 ,-730 ,,0 ,0 ,0 ,,0 ,0 ,0 ,,0 ,0 ,0 ,,0 ,33 ,-33 ,,0 ,0 ,0 ,,0 ,"2,179 ","-2,179 ",,0 ,0 ,0 ,,0 ,0 ,0 ,,0 ,0 ,0 ,,0 ,0 ,0 ,,0 ,0 ,0 ,,0 ,0 ,0 ,,0 ,0 ,0 ,,0 ,0 ,0 ,,0 ,0 ,0 ,,0 ,0 ,0 ,,0 ,0 ,0 ,,0 ,0 ,0 ,,0 ,0 ,0 ,,0 ,0 ,0 ,,0 ,0 ,0 ,,0 ,0 ,0 ,,0 ,0 ,0 ,,0 ,0 ,0 
630102,Website Hosting -  Tech,,0 ,0 ,0 ,0 ,,0 ,0 ,0 ,0 ,0 ,,0 ,0 ,0 ,,0 ,14 ,-14 ,,0 ,0 ,0 ,,0 ,0 ,0 ,,0 ,0 ,0 ,,0 ,0 ,0 ,,0 ,0 ,0 ,,0 ,0 ,0 ,,0 ,"-8,093 ","8,093 ",,0 ,0 ,0 ,,0 ,0 ,0 ,,0 ,0 ,0 ,,0 ,0 ,0 ,,0 ,0 ,0 ,,0 ,0 ,0 ,,0 ,0 ,0 ,,0 ,0 ,0 ,,0 ,0 ,0 ,,0 ,0 ,0 ,,0 ,0 ,0 ,,0 ,0 ,0 ,,0 ,0 ,0 ,,0 ,0 ,0 ,,0 ,0 ,0 ,,0 ,0 ,0 ,,0 ,0 ,0 ,,0 ,0 ,0 ,,0 ,0 ,0 
630103,Digital Online (Commercial),,0 ,0 ,0 ,0 ,,0 ,0 ,0 ,0 ,0 ,,0 ,0 ,0 ,,0 ,"3,606 ","-3,606 ",,0 ,0 ,0 ,,0 ,29 ,-29 ,,0 ,0 ,0 ,,0 ,0 ,0 ,,0 ,0 ,0 ,,0 ,0 ,0 ,,0 ,0 ,0 ,,0 ,0 ,0 ,,0 ,0 ,0 ,,0 ,0 ,0 ,,0 ,0 ,0 ,,0 ,0 ,0 ,,0 ,0 ,0 ,,0 ,0 ,0 ,,0 ,0 ,0 ,,0 ,0 ,0 ,,0 ,0 ,0 ,,0 ,0 ,0 ,,0 ,0 ,0 ,,0 ,0 ,0 ,,0 ,0 ,0 ,,0 ,0 ,0 ,,0 ,0 ,0 ,,0 ,0 ,0 ,,0 ,0 ,0 ,,0 ,0 ,0 
630201,Research and development,630200,0 ,0 ,0 ,0 ,,0 ,0 ,0 ,0 ,0 ,,0 ,0 ,0 ,,0 ,0 ,0 ,,0 ,0 ,0 ,,0 ,0 ,0 ,,0 ,0 ,0 ,,0 ,0 ,0 ,,0 ,0 ,0 ,,0 ,0 ,0 ,,0 ,0 ,0 ,,0 ,0 ,0 ,,0 ,0 ,0 ,,0 ,0 ,0 ,,0 ,0 ,0 ,,0 ,0 ,0 ,,0 ,0 ,0 ,,0 ,0 ,0 ,,0 ,0 ,0 ,,0 ,0 ,0 ,,0 ,0 ,0 ,,0 ,0 ,0 ,,0 ,0 ,0 ,,0 ,0 ,0 ,,0 ,0 ,0 ,,0 ,0 ,0 ,,0 ,0 ,0 ,,0 ,0 ,0 ,,0 ,0 ,0 ,,0 ,0 ,0 
,,,,0 ,,,,,,,,,,,,,,,,,,,,,,,,,,,,,,,,,,,,,,,,,,,,,,,,,,,,,,,,,,,,,,,,,,,,,,,,,,,,,,,,,,,,,,,,,,,,,,,,,,,,,,,,,,,,,,,,,,,,,,,,
Total 630000, Technology Cost,,0 ,0 ,0 ,0 ,0 ,0 ,0 ,0 ,0 ,0 ,,0 ,0 ,0 ,,0 ,"35,218 ","-35,218 ",,0 ,0 ,0 ,,0 ,759 ,759 ,,0 ,0 ,0 ,,0 ,0 ,0 ,,0 ,0 ,0 ,,0 ,33 ,33 ,,0 ,"-8,093 ","-8,093 ",,0 ,"2,179 ","2,179 ",,0 ,0 ,0 ,,0 ,0 ,0 ,,0 ,0 ,0 ,,0 ,0 ,0 ,,0 ,0 ,0 ,,0 ,0 ,0 ,,0 ,0 ,0 ,,0 ,0 ,0 ,,0 ,0 ,0 ,,0 ,0 ,0 ,,0 ,0 ,0 ,,0 ,0 ,0 ,,0 ,0 ,0 ,,0 ,0 ,0 ,,0 ,0 ,0 ,,0 ,0 ,0 ,,0 ,0 ,0 ,,0 ,0 ,0 
640000, Operation & Admin Costs,,0 ,0 ,0 ,0 ,,0 ,0 ,0 ,0 ,0 ,,0 ,0 ,0 ,,0 ,0 ,0 ,,0 ,0 ,0 ,,0 ,0 ,0 ,,0 ,0 ,0 ,,0 ,0 ,0 ,,0 ,0 ,0 ,,0 ,0 ,0 ,,0 ,0 ,0 ,,0 ,0 ,0 ,,0 ,0 ,0 ,,0 ,0 ,0 ,,0 ,0 ,0 ,,0 ,0 ,0 ,,0 ,0 ,0 ,,0 ,0 ,0 ,,0 ,0 ,0 ,,0 ,0 ,0 ,,0 ,0 ,0 ,,0 ,0 ,0 ,,0 ,0 ,0 ,,0 ,0 ,0 ,,0 ,0 ,0 ,,0 ,0 ,0 ,,0 ,0 ,0 ,,0 ,0 ,0 ,,0 ,0 ,0 ,,0 ,0 ,0 
640100,Business Travel & related cost,,0 ,0 ,0 ,0 ,,0 ,0 ,0 ,0 ,0 ,,0 ,0 ,0 ,,0 ,0 ,0 ,,0 ,0 ,0 ,,0 ,0 ,0 ,,0 ,0 ,0 ,,0 ,0 ,0 ,,0 ,0 ,0 ,,0 ,0 ,0 ,,0 ,0 ,0 ,,0 ,0 ,0 ,,0 ,0 ,0 ,,0 ,0 ,0 ,,0 ,0 ,0 ,,0 ,0 ,0 ,,0 ,0 ,0 ,,0 ,0 ,0 ,,0 ,0 ,0 ,,0 ,0 ,0 ,,0 ,0 ,0 ,,0 ,0 ,0 ,,0 ,0 ,0 ,,0 ,0 ,0 ,,0 ,0 ,0 ,,0 ,0 ,0 ,,0 ,0 ,0 ,,0 ,0 ,0 ,,0 ,0 ,0 ,,0 ,0 ,0 
640101,Ground Travel,640100,0 ,0 ,0 ,0 ,,0 ,0 ,0 ,0 ,0 ,,0 ,0 ,0 ,,0 ,0 ,0 ,,0 ,1 ,-1 ,,0 ,0 ,0 ,,0 ,0 ,0 ,,0 ,0 ,0 ,,0 ,0 ,0 ,,0 ,0 ,0 ,,0 ,0 ,0 ,,0 ,0 ,0 ,,0 ,0 ,0 ,,0 ,0 ,0 ,,0 ,0 ,0 ,,0 ,0 ,0 ,,0 ,0 ,0 ,,0 ,0 ,0 ,,0 ,0 ,0 ,,0 ,0 ,0 ,,0 ,0 ,0 ,,0 ,0 ,0 ,,0 ,0 ,0 ,,0 ,0 ,0 ,,0 ,0 ,0 ,,0 ,0 ,0 ,,0 ,0 ,0 ,,0 ,0 ,0 ,,0 ,0 ,0 ,,0 ,0 ,0 
640102,Air Travel,,0 ,0 ,0 ,0 ,,0 ,0 ,0 ,0 ,0 ,,0 ,0 ,0 ,,0 ,"2,178 ","-2,178 ",,0 ,0 ,0 ,,0 ,0 ,0 ,,0 ,0 ,0 ,,0 ,0 ,0 ,,0 ,0 ,0 ,,0 ,0 ,0 ,,0 ,0 ,0 ,,0 ,0 ,0 ,,0 ,0 ,0 ,,0 ,0 ,0 ,,0 ,0 ,0 ,,0 ,0 ,0 ,,0 ,0 ,0 ,,0 ,0 ,0 ,,0 ,0 ,0 ,,0 ,0 ,0 ,,0 ,0 ,0 ,,0 ,0 ,0 ,,0 ,0 ,0 ,,0 ,0 ,0 ,,0 ,0 ,0 ,,0 ,0 ,0 ,,0 ,0 ,0 ,,0 ,0 ,0 ,,0 ,0 ,0 ,,0 ,0 ,0 
640103,Accommodations,,0 ,0 ,0 ,0 ,,0 ,0 ,0 ,0 ,0 ,,0 ,0 ,0 ,,0 ,"1,474 ","-1,474 ",,0 ,0 ,0 ,,0 ,562 ,-562 ,,0 ,0 ,0 ,,0 ,0 ,0 ,,0 ,0 ,0 ,,0 ,0 ,0 ,,0 ,0 ,0 ,,0 ,0 ,0 ,,0 ,0 ,0 ,,0 ,0 ,0 ,,0 ,0 ,0 ,,0 ,0 ,0 ,,0 ,0 ,0 ,,0 ,0 ,0 ,,0 ,0 ,0 ,,0 ,0 ,0 ,,0 ,0 ,0 ,,0 ,0 ,0 ,,0 ,0 ,0 ,,0 ,0 ,0 ,,0 ,0 ,0 ,,0 ,0 ,0 ,,0 ,0 ,0 ,,0 ,0 ,0 ,,0 ,0 ,0 ,,0 ,0 ,0 
640104,Travel Expense,,0 ,0 ,0 ,0 ,,0 ,0 ,0 ,0 ,0 ,,0 ,0 ,0 ,,0 ,40 ,-40 ,,0 ,0 ,0 ,,0 ,0 ,0 ,,0 ,0 ,0 ,,0 ,0 ,0 ,,0 ,0 ,0 ,,0 ,0 ,0 ,,0 ,0 ,0 ,,0 ,"1,050 ","-1,050 ",,0 ,0 ,0 ,,0 ,0 ,0 ,,0 ,0 ,0 ,,0 ,0 ,0 ,,0 ,0 ,0 ,,0 ,0 ,0 ,,0 ,0 ,0 ,,0 ,0 ,0 ,,0 ,0 ,0 ,,0 ,0 ,0 ,,0 ,0 ,0 ,,0 ,0 ,0 ,,0 ,0 ,0 ,,0 ,0 ,0 ,,0 ,0 ,0 ,,0 ,0 ,0 ,,0 ,0 ,0 ,,0 ,0 ,0 
Total 640100, Total Travel Expenses,,0 ,0 ,0 ,0 ,0 ,0 ,0 ,0 ,0 ,0 ,,0 ,0 ,0 ,,0 ,"3,692 ","-3,692 ",,0 ,1 ,1 ,,0 ,562 ,562 ,,0 ,0 ,0 ,,0 ,0 ,0 ,,0 ,0 ,0 ,,0 ,0 ,0 ,,0 ,0 ,0 ,,0 ,"1,050 ","1,050 ",,0 ,0 ,0 ,,0 ,0 ,0 ,,0 ,0 ,0 ,,0 ,0 ,0 ,,0 ,0 ,0 ,,0 ,0 ,0 ,,0 ,0 ,0 ,,0 ,0 ,0 ,,0 ,0 ,0 ,,0 ,0 ,0 ,,0 ,0 ,0 ,,0 ,0 ,0 ,,0 ,0 ,0 ,,0 ,0 ,0 ,,0 ,0 ,0 ,,0 ,0 ,0 ,,0 ,0 ,0 ,,0 ,0 ,0 
640200,Employee Related Expenses,640200,0 ,0 ,0 ,0 ,,0 ,0 ,0 ,0 ,0 ,,0 ,0 ,0 ,,0 ,0 ,0 ,,0 ,0 ,0 ,,0 ,0 ,0 ,,0 ,0 ,0 ,,0 ,0 ,0 ,,0 ,0 ,0 ,,0 ,0 ,0 ,,0 ,0 ,0 ,,0 ,0 ,0 ,,0 ,0 ,0 ,,0 ,0 ,0 ,,0 ,0 ,0 ,,0 ,0 ,0 ,,0 ,0 ,0 ,,0 ,0 ,0 ,,0 ,0 ,0 ,,0 ,0 ,0 ,,0 ,0 ,0 ,,0 ,0 ,0 ,,0 ,0 ,0 ,,0 ,0 ,0 ,,0 ,0 ,0 ,,0 ,0 ,0 ,,0 ,0 ,0 ,,0 ,0 ,0 ,,0 ,0 ,0 ,,0 ,0 ,0 
,,,,,,,,,,,,,,,,,,,,,,,,,,,,,,,,,,,,,,,,,,,,,,,,,,,,,,,,,,,,,,,,,,,,,,,,,,,,,,,,,,,,,,,,,,,,,,,,,,,,,,,,,,,,,,,,,,,,,,,,,,,,
Total 640200,Total Employee Related Expenses,,0 ,0 ,0 ,0 ,0 ,0 ,0 ,0 ,0 ,0 ,,0 ,0 ,0 ,,0 ,0 ,0 ,,0 ,0 ,0 ,,0 ,0 ,0 ,,0 ,0 ,0 ,,0 ,0 ,0 ,,0 ,0 ,0 ,,0 ,0 ,0 ,,0 ,0 ,0 ,,0 ,0 ,0 ,,0 ,0 ,0 ,,0 ,0 ,0 ,,0 ,0 ,0 ,,0 ,0 ,0 ,,0 ,0 ,0 ,,0 ,0 ,0 ,,0 ,0 ,0 ,,0 ,0 ,0 ,,0 ,0 ,0 ,,0 ,0 ,0 ,,0 ,0 ,0 ,,0 ,0 ,0 ,,0 ,0 ,0 ,,0 ,0 ,0 ,,0 ,0 ,0 ,,0 ,0 ,0 ,,0 ,0 ,0 ,,0 ,0 ,0 
640300,Fleet Expenses,,0 ,0 ,0 ,0 ,,0 ,0 ,0 ,0 ,0 ,,0 ,0 ,0 ,,0 ,0 ,0 ,,0 ,0 ,0 ,,0 ,0 ,0 ,,0 ,0 ,0 ,,0 ,0 ,0 ,,0 ,0 ,0 ,,0 ,0 ,0 ,,0 ,0 ,0 ,,0 ,0 ,0 ,,0 ,0 ,0 ,,0 ,0 ,0 ,,0 ,0 ,0 ,,0 ,0 ,0 ,,0 ,0 ,0 ,,0 ,0 ,0 ,,0 ,0 ,0 ,,0 ,0 ,0 ,,0 ,0 ,0 ,,0 ,0 ,0 ,,0 ,0 ,0 ,,0 ,0 ,0 ,,0 ,0 ,0 ,,0 ,0 ,0 ,,0 ,0 ,0 ,,0 ,0 ,0 ,,0 ,0 ,0 ,,0 ,0 ,0 
,,,,,,,,,,,,,,,,,,,,,,,,,,,,,,,,,,,,,,,,,,,,,,,,,,,,,,,,,,,,,,,,,,,,,,,,,,,,,,,,,,,,,,,,,,,,,,,,,,,,,,,,,,,,,,,,,,,,,,,,,,,,
Total 640300,Total Fleet Expenses,,0 ,0 ,0 ,0 ,0 ,0 ,0 ,0 ,0 ,0 ,,0 ,0 ,0 ,,0 ,0 ,0 ,,0 ,0 ,0 ,,0 ,0 ,0 ,,0 ,0 ,0 ,,0 ,0 ,0 ,,0 ,0 ,0 ,,0 ,0 ,0 ,,0 ,0 ,0 ,,0 ,0 ,0 ,,0 ,0 ,0 ,,0 ,0 ,0 ,,0 ,0 ,0 ,,0 ,0 ,0 ,,0 ,0 ,0 ,,0 ,0 ,0 ,,0 ,0 ,0 ,,0 ,0 ,0 ,,0 ,0 ,0 ,,0 ,0 ,0 ,,0 ,0 ,0 ,,0 ,0 ,0 ,,0 ,0 ,0 ,,0 ,0 ,0 ,,0 ,0 ,0 ,,0 ,0 ,0 ,,0 ,0 ,0 ,,0 ,0 ,0 
640400,Rent,,0 ,0 ,0 ,0 ,,0 ,0 ,0 ,0 ,0 ,,0 ,0 ,0 ,,0 ,0 ,0 ,,0 ,0 ,0 ,,0 ,0 ,0 ,,0 ,0 ,0 ,,0 ,0 ,0 ,,0 ,0 ,0 ,,0 ,0 ,0 ,,0 ,0 ,0 ,,0 ,0 ,0 ,,0 ,0 ,0 ,,0 ,0 ,0 ,,0 ,0 ,0 ,,0 ,0 ,0 ,,0 ,0 ,0 ,,0 ,0 ,0 ,,0 ,0 ,0 ,,0 ,0 ,0 ,,0 ,0 ,0 ,,0 ,0 ,0 ,,0 ,0 ,0 ,,0 ,0 ,0 ,,0 ,0 ,0 ,,0 ,0 ,0 ,,0 ,0 ,0 ,,0 ,0 ,0 ,,0 ,0 ,0 ,,0 ,0 ,0 
640401, Rental,640400,0 ,0 ,0 ,0 ,,0 ,0 ,0 ,0 ,0 ,,0 ,0 ,0 ,,0 ,"26,073 ","-26,073 ",,0 ,0 ,0 ,,0 ,94 ,-94 ,,0 ,0 ,0 ,,0 ,"18,585 ","-18,585 ",,0 ,0 ,0 ,,0 ,"4,287 ","-4,287 ",,0 ,0 ,0 ,,0 ,"5,437 ","-5,437 ",,0 ,0 ,0 ,,0 ,0 ,0 ,,0 ,0 ,0 ,,0 ,0 ,0 ,,0 ,0 ,0 ,,0 ,0 ,0 ,,0 ,0 ,0 ,,0 ,0 ,0 ,,0 ,0 ,0 ,,0 ,0 ,0 ,,0 ,0 ,0 ,,0 ,0 ,0 ,,0 ,0 ,0 ,,0 ,0 ,0 ,,0 ,0 ,0 ,,0 ,0 ,0 ,,0 ,0 ,0 ,,0 ,0 ,0 
640402,Utilities,,0 ,0 ,0 ,0 ,,0 ,0 ,0 ,0 ,0 ,,0 ,0 ,0 ,,0 ,"3,559 ","-3,559 ",,0 ,57 ,-57 ,,0 ,0 ,0 ,,0 ,0 ,0 ,,0 ,"2,086 ","-2,086 ",,0 ,0 ,0 ,,0 ,"2,052 ","-2,052 ",,0 ,0 ,0 ,,0 ,769 ,-769 ,,0 ,0 ,0 ,,0 ,0 ,0 ,,0 ,0 ,0 ,,0 ,0 ,0 ,,0 ,0 ,0 ,,0 ,0 ,0 ,,0 ,0 ,0 ,,0 ,0 ,0 ,,0 ,0 ,0 ,,0 ,0 ,0 ,,0 ,0 ,0 ,,0 ,0 ,0 ,,0 ,0 ,0 ,,0 ,0 ,0 ,,0 ,0 ,0 ,,0 ,0 ,0 ,,0 ,0 ,0 ,,0 ,0 ,0 
640403, Utilities,,0 ,0 ,0 ,0 ,,0 ,0 ,0 ,0 ,0 ,,0 ,0 ,0 ,,0 ,0 ,0 ,,0 ,0 ,0 ,,0 ,0 ,0 ,,0 ,0 ,0 ,,0 ,0 ,0 ,,0 ,0 ,0 ,,0 ,0 ,0 ,,0 ,0 ,0 ,,0 ,0 ,0 ,,0 ,0 ,0 ,,0 ,0 ,0 ,,0 ,0 ,0 ,,0 ,0 ,0 ,,0 ,0 ,0 ,,0 ,0 ,0 ,,0 ,0 ,0 ,,0 ,0 ,0 ,,0 ,0 ,0 ,,0 ,0 ,0 ,,0 ,0 ,0 ,,0 ,0 ,0 ,,0 ,0 ,0 ,,0 ,0 ,0 ,,0 ,0 ,0 ,,0 ,0 ,0 ,,0 ,0 ,0 ,,0 ,0 ,0 
640404, Overseas Rent,,0 ,0 ,0 ,0 ,,0 ,0 ,0 ,0 ,0 ,,0 ,0 ,0 ,,0 ,0 ,0 ,,0 ,0 ,0 ,,0 ,0 ,0 ,,0 ,0 ,0 ,,0 ,0 ,0 ,,0 ,0 ,0 ,,0 ,0 ,0 ,,0 ,0 ,0 ,,0 ,0 ,0 ,,0 ,0 ,0 ,,0 ,0 ,0 ,,0 ,0 ,0 ,,0 ,0 ,0 ,,0 ,0 ,0 ,,0 ,0 ,0 ,,0 ,0 ,0 ,,0 ,0 ,0 ,,0 ,0 ,0 ,,0 ,0 ,0 ,,0 ,0 ,0 ,,0 ,0 ,0 ,,0 ,0 ,0 ,,0 ,0 ,0 ,,0 ,0 ,0 ,,0 ,0 ,0 ,,0 ,0 ,0 ,,0 ,0 ,0 
Total 640400,Total Rental,,0 ,0 ,0 ,0 ,0 ,0 ,0 ,0 ,0 ,0 ,,0 ,0 ,0 ,,0 ,"29,632 ","29,632 ",,0 ,57 ,57 ,,0 ,94 ,94 ,,0 ,0 ,0 ,,0 ,"20,671 ","20,671 ",,0 ,0 ,0 ,,0 ,"6,339 ","6,339 ",,0 ,0 ,0 ,,0 ,"6,206 ","6,206 ",,0 ,0 ,0 ,,0 ,0 ,0 ,,0 ,0 ,0 ,,0 ,0 ,0 ,,0 ,0 ,0 ,,0 ,0 ,0 ,,0 ,0 ,0 ,,0 ,0 ,0 ,,0 ,0 ,0 ,,0 ,0 ,0 ,,0 ,0 ,0 ,,0 ,0 ,0 ,,0 ,0 ,0 ,,0 ,0 ,0 ,,0 ,0 ,0 ,,0 ,0 ,0 ,,0 ,0 ,0 ,,0 ,0 ,0 
640500,Utilities Expenses,,0 ,0 ,0 ,0 ,,0 ,0 ,0 ,0 ,0 ,,0 ,0 ,0 ,,0 ,0 ,0 ,,0 ,0 ,0 ,,0 ,0 ,0 ,,0 ,0 ,0 ,,0 ,0 ,0 ,,0 ,0 ,0 ,,0 ,0 ,0 ,,0 ,0 ,0 ,,0 ,0 ,0 ,,0 ,0 ,0 ,,0 ,0 ,0 ,,0 ,0 ,0 ,,0 ,0 ,0 ,,0 ,0 ,0 ,,0 ,0 ,0 ,,0 ,0 ,0 ,,0 ,0 ,0 ,,0 ,0 ,0 ,,0 ,0 ,0 ,,0 ,0 ,0 ,,0 ,0 ,0 ,,0 ,0 ,0 ,,0 ,0 ,0 ,,0 ,0 ,0 ,,0 ,0 ,0 ,,0 ,0 ,0 ,,0 ,0 ,0 
,,,,,,,,,,,,,,,,,,,,,,,,,,,,,,,,,,,,,,,,,,,,,,,,,,,,,,,,,,,,,,,,,,,,,,,,,,,,,,,,,,,,,,,,,,,,,,,,,,,,,,,,,,,,,,,,,,,,,,,,,,,,
Total 640500,Total Utilities Expenses,,0 ,0 ,0 ,0 ,0 ,0 ,0 ,0 ,0 ,0 ,,0 ,0 ,0 ,,0 ,0 ,0 ,,0 ,0 ,0 ,,0 ,0 ,0 ,,0 ,0 ,0 ,,0 ,0 ,0 ,,0 ,0 ,0 ,,0 ,0 ,0 ,,0 ,0 ,0 ,,0 ,0 ,0 ,,0 ,0 ,0 ,,0 ,0 ,0 ,,0 ,0 ,0 ,,0 ,0 ,0 ,,0 ,0 ,0 ,,0 ,0 ,0 ,,0 ,0 ,0 ,,0 ,0 ,0 ,,0 ,0 ,0 ,,0 ,0 ,0 ,,0 ,0 ,0 ,,0 ,0 ,0 ,,0 ,0 ,0 ,,0 ,0 ,0 ,,0 ,0 ,0 ,,0 ,0 ,0 ,,0 ,0 ,0 ,,0 ,0 ,0 
640600,Communication Expenses,,0 ,0 ,0 ,0 ,,0 ,0 ,0 ,0 ,0 ,,0 ,0 ,0 ,,0 ,0 ,0 ,,0 ,0 ,0 ,,0 ,0 ,0 ,,0 ,0 ,0 ,,0 ,0 ,0 ,,0 ,0 ,0 ,,0 ,0 ,0 ,,0 ,0 ,0 ,,0 ,0 ,0 ,,0 ,0 ,0 ,,0 ,0 ,0 ,,0 ,0 ,0 ,,0 ,0 ,0 ,,0 ,0 ,0 ,,0 ,0 ,0 ,,0 ,0 ,0 ,,0 ,0 ,0 ,,0 ,0 ,0 ,,0 ,0 ,0 ,,0 ,0 ,0 ,,0 ,0 ,0 ,,0 ,0 ,0 ,,0 ,0 ,0 ,,0 ,0 ,0 ,,0 ,0 ,0 ,,0 ,0 ,0 ,,0 ,0 ,0 
640601,Telephone Expense,640600,0 ,0 ,0 ,0 ,,0 ,0 ,0 ,0 ,0 ,,0 ,0 ,0 ,,0 ,"3,111 ","-3,111 ",,0 ,2 ,-2 ,,0 ,0 ,0 ,,0 ,0 ,0 ,,0 ,0 ,0 ,,0 ,0 ,0 ,,0 ,0 ,0 ,,0 ,0 ,0 ,,0 ,726 ,-726 ,,0 ,0 ,0 ,,0 ,0 ,0 ,,0 ,0 ,0 ,,0 ,0 ,0 ,,0 ,0 ,0 ,,0 ,0 ,0 ,,0 ,0 ,0 ,,0 ,0 ,0 ,,0 ,0 ,0 ,,0 ,0 ,0 ,,0 ,0 ,0 ,,0 ,0 ,0 ,,0 ,0 ,0 ,,0 ,0 ,0 ,,0 ,0 ,0 ,,0 ,0 ,0 ,,0 ,0 ,0 ,,0 ,0 ,0 
640602,Computer & Internet Expenses,,0 ,0 ,0 ,0 ,,0 ,0 ,0 ,0 ,0 ,,0 ,0 ,0 ,,0 ,210 ,-210 ,,0 ,286 ,-286 ,,0 ,0 ,0 ,,0 ,0 ,0 ,,0 ,116 ,-116 ,,0 ,0 ,0 ,,0 ,554 ,-554 ,,0 ,0 ,0 ,,0 ,"8,641 ","-8,641 ",,0 ,0 ,0 ,,0 ,0 ,0 ,,0 ,0 ,0 ,,0 ,0 ,0 ,,0 ,0 ,0 ,,0 ,0 ,0 ,,0 ,0 ,0 ,,0 ,0 ,0 ,,0 ,0 ,0 ,,0 ,0 ,0 ,,0 ,0 ,0 ,,0 ,0 ,0 ,,0 ,0 ,0 ,,0 ,0 ,0 ,,0 ,0 ,0 ,,0 ,0 ,0 ,,0 ,0 ,0 ,,0 ,0 ,0 
Total 640600,Total Communications,,0 ,0 ,0 ,0 ,0 ,0 ,0 ,0 ,0 ,0 ,,0 ,0 ,0 ,,0 ,"3,321 ","-3,321 ",,0 ,288 ,-288 ,,0 ,0 ,0 ,,0 ,0 ,0 ,,0 ,116 ,-116 ,,0 ,0 ,0 ,,0 ,554 ,-554 ,,0 ,0 ,0 ,,0 ,"9,367 ","-9,367 ",,0 ,0 ,0 ,,0 ,0 ,0 ,,0 ,0 ,0 ,,0 ,0 ,0 ,,0 ,0 ,0 ,,0 ,0 ,0 ,,0 ,0 ,0 ,,0 ,0 ,0 ,,0 ,0 ,0 ,,0 ,0 ,0 ,,0 ,0 ,0 ,,0 ,0 ,0 ,,0 ,0 ,0 ,,0 ,0 ,0 ,,0 ,0 ,0 ,,0 ,0 ,0 ,,0 ,0 ,0 ,,0 ,0 ,0 
640700,Office Supplies,,0 ,0 ,0 ,0 ,,0 ,0 ,0 ,0 ,0 ,,0 ,0 ,0 ,,0 ,0 ,0 ,,0 ,0 ,0 ,,0 ,0 ,0 ,,0 ,0 ,0 ,,0 ,0 ,0 ,,0 ,0 ,0 ,,0 ,0 ,0 ,,0 ,0 ,0 ,,0 ,0 ,0 ,,0 ,0 ,0 ,,0 ,0 ,0 ,,0 ,0 ,0 ,,0 ,0 ,0 ,,0 ,0 ,0 ,,0 ,0 ,0 ,,0 ,0 ,0 ,,0 ,0 ,0 ,,0 ,0 ,0 ,,0 ,0 ,0 ,,0 ,0 ,0 ,,0 ,0 ,0 ,,0 ,0 ,0 ,,0 ,0 ,0 ,,0 ,0 ,0 ,,0 ,0 ,0 ,,0 ,0 ,0 ,,0 ,0 ,0 
640701,Office Supplies,640700,0 ,0 ,0 ,0 ,,0 ,0 ,0 ,0 ,0 ,,0 ,0 ,0 ,,0 ,"2,256 ","-2,256 ",,0 ,169 ,-169 ,,0 ,0 ,0 ,,0 ,0 ,0 ,,0 ,0 ,0 ,,0 ,0 ,0 ,,0 ,267 ,-267 ,,0 ,0 ,0 ,,0 ,6 ,-6 ,,0 ,0 ,0 ,,0 ,0 ,0 ,,0 ,0 ,0 ,,0 ,0 ,0 ,,0 ,0 ,0 ,,0 ,0 ,0 ,,0 ,0 ,0 ,,0 ,0 ,0 ,,0 ,0 ,0 ,,0 ,0 ,0 ,,0 ,0 ,0 ,,0 ,0 ,0 ,,0 ,0 ,0 ,,0 ,0 ,0 ,,0 ,0 ,0 ,,0 ,0 ,0 ,,0 ,0 ,0 ,,0 ,0 ,0 
640702,Shipping,,0 ,0 ,0 ,0 ,,0 ,0 ,0 ,0 ,0 ,,0 ,0 ,0 ,,0 ,0 ,0 ,,0 ,52 ,-52 ,,0 ,0 ,0 ,,0 ,0 ,0 ,,0 ,0 ,0 ,,0 ,0 ,0 ,,0 ,0 ,0 ,,0 ,0 ,0 ,,0 ,0 ,0 ,,0 ,0 ,0 ,,0 ,0 ,0 ,,0 ,0 ,0 ,,0 ,0 ,0 ,,0 ,0 ,0 ,,0 ,0 ,0 ,,0 ,0 ,0 ,,0 ,0 ,0 ,,0 ,0 ,0 ,,0 ,0 ,0 ,,0 ,0 ,0 ,,0 ,0 ,0 ,,0 ,0 ,0 ,,0 ,0 ,0 ,,0 ,0 ,0 ,,0 ,0 ,0 ,,0 ,0 ,0 ,,0 ,0 ,0 
Total 640700,Total Supplies ,,0 ,0 ,0 ,0 ,0 ,0 ,0 ,0 ,0 ,0 ,,0 ,0 ,0 ,,0 ,"2,256 ","-2,256 ",,0 ,221 ,-221 ,,0 ,0 ,0 ,,0 ,0 ,0 ,,0 ,0 ,0 ,,0 ,0 ,0 ,,0 ,267 ,-267 ,,0 ,0 ,0 ,,0 ,6 ,-6 ,,0 ,0 ,0 ,,0 ,0 ,0 ,,0 ,0 ,0 ,,0 ,0 ,0 ,,0 ,0 ,0 ,,0 ,0 ,0 ,,0 ,0 ,0 ,,0 ,0 ,0 ,,0 ,0 ,0 ,,0 ,0 ,0 ,,0 ,0 ,0 ,,0 ,0 ,0 ,,0 ,0 ,0 ,,0 ,0 ,0 ,,0 ,0 ,0 ,,0 ,0 ,0 ,,0 ,0 ,0 ,,0 ,0 ,0 
640800,Cafeteria Cost,,0 ,0 ,0 ,0 ,,0 ,0 ,0 ,0 ,0 ,,0 ,0 ,0 ,,0 ,0 ,0 ,,0 ,0 ,0 ,,0 ,0 ,0 ,,0 ,0 ,0 ,,0 ,0 ,0 ,,0 ,0 ,0 ,,0 ,0 ,0 ,,0 ,0 ,0 ,,0 ,0 ,0 ,,0 ,0 ,0 ,,0 ,0 ,0 ,,0 ,0 ,0 ,,0 ,0 ,0 ,,0 ,0 ,0 ,,0 ,0 ,0 ,,0 ,0 ,0 ,,0 ,0 ,0 ,,0 ,0 ,0 ,,0 ,0 ,0 ,,0 ,0 ,0 ,,0 ,0 ,0 ,,0 ,0 ,0 ,,0 ,0 ,0 ,,0 ,0 ,0 ,,0 ,0 ,0 ,,0 ,0 ,0 ,,0 ,0 ,0 
640801,Meals and entertainment,640800,0 ,0 ,0 ,0 ,,0 ,0 ,0 ,0 ,0 ,,0 ,0 ,0 ,,0 ,303 ,-303 ,,0 ,152 ,-152 ,,0 ,0 ,0 ,,0 ,0 ,0 ,,0 ,199 ,-199 ,,0 ,0 ,0 ,,0 ,705 ,-705 ,,0 ,0 ,0 ,,0 ,137 ,-137 ,,0 ,0 ,0 ,,0 ,0 ,0 ,,0 ,0 ,0 ,,0 ,0 ,0 ,,0 ,0 ,0 ,,0 ,0 ,0 ,,0 ,0 ,0 ,,0 ,0 ,0 ,,0 ,0 ,0 ,,0 ,0 ,0 ,,0 ,0 ,0 ,,0 ,0 ,0 ,,0 ,0 ,0 ,,0 ,0 ,0 ,,0 ,0 ,0 ,,0 ,0 ,0 ,,0 ,0 ,0 ,,0 ,0 ,0 
Total 640800,Total Cafeteria Cost,,0 ,0 ,0 ,0 ,0 ,0 ,0 ,0 ,0 ,0 ,,0 ,0 ,0 ,,0 ,303 ,303 ,,0 ,152 ,152 ,,0 ,0 ,0 ,,0 ,0 ,0 ,,0 ,199 ,199 ,,0 ,0 ,0 ,,0 ,705 ,705 ,,0 ,0 ,0 ,,0 ,137 ,137 ,,0 ,0 ,0 ,,0 ,0 ,0 ,,0 ,0 ,0 ,,0 ,0 ,0 ,,0 ,0 ,0 ,,0 ,0 ,0 ,,0 ,0 ,0 ,,0 ,0 ,0 ,,0 ,0 ,0 ,,0 ,0 ,0 ,,0 ,0 ,0 ,,0 ,0 ,0 ,,0 ,0 ,0 ,,0 ,0 ,0 ,,0 ,0 ,0 ,,0 ,0 ,0 ,,0 ,0 ,0 ,,0 ,0 ,0 
640900,Repairs & Maintenance,,0 ,0 ,0 ,0 ,,0 ,0 ,0 ,0 ,0 ,,0 ,0 ,0 ,,0 ,0 ,0 ,,0 ,0 ,0 ,,0 ,0 ,0 ,,0 ,0 ,0 ,,0 ,0 ,0 ,,0 ,0 ,0 ,,0 ,0 ,0 ,,0 ,0 ,0 ,,0 ,0 ,0 ,,0 ,0 ,0 ,,0 ,0 ,0 ,,0 ,0 ,0 ,,0 ,0 ,0 ,,0 ,0 ,0 ,,0 ,0 ,0 ,,0 ,0 ,0 ,,0 ,0 ,0 ,,0 ,0 ,0 ,,0 ,0 ,0 ,,0 ,0 ,0 ,,0 ,0 ,0 ,,0 ,0 ,0 ,,0 ,0 ,0 ,,0 ,0 ,0 ,,0 ,0 ,0 ,,0 ,0 ,0 ,,0 ,0 ,0 
640901,Repairs & Maintenance,640900,0 ,0 ,0 ,0 ,,0 ,0 ,0 ,0 ,0 ,,0 ,0 ,0 ,,0 ,270 ,-270 ,,0 ,6 ,-6 ,,0 ,0 ,0 ,,0 ,0 ,0 ,,0 ,0 ,0 ,,0 ,0 ,0 ,,0 ,0 ,0 ,,0 ,0 ,0 ,,0 ,597 ,-597 ,,0 ,0 ,0 ,,0 ,0 ,0 ,,0 ,0 ,0 ,,0 ,0 ,0 ,,0 ,0 ,0 ,,0 ,0 ,0 ,,0 ,0 ,0 ,,0 ,0 ,0 ,,0 ,0 ,0 ,,0 ,0 ,0 ,,0 ,0 ,0 ,,0 ,0 ,0 ,,0 ,0 ,0 ,,0 ,0 ,0 ,,0 ,0 ,0 ,,0 ,0 ,0 ,,0 ,0 ,0 ,,0 ,0 ,0 
Total 640900,Total Repairs & Maintenance,,0 ,0 ,0 ,0 ,0 ,0 ,0 ,0 ,0 ,0 ,,0 ,0 ,0 ,,0 ,270 ,270 ,,0 ,6 ,6 ,,0 ,0 ,0 ,,0 ,0 ,0 ,,0 ,0 ,0 ,,0 ,0 ,0 ,,0 ,0 ,0 ,,0 ,0 ,0 ,,0 ,597 ,597 ,,0 ,0 ,0 ,,0 ,0 ,0 ,,0 ,0 ,0 ,,0 ,0 ,0 ,,0 ,0 ,0 ,,0 ,0 ,0 ,,0 ,0 ,0 ,,0 ,0 ,0 ,,0 ,0 ,0 ,,0 ,0 ,0 ,,0 ,0 ,0 ,,0 ,0 ,0 ,,0 ,0 ,0 ,,0 ,0 ,0 ,,0 ,0 ,0 ,,0 ,0 ,0 ,,0 ,0 ,0 ,,0 ,0 ,0 
641000,Software Support,,0 ,0 ,0 ,0 ,,0 ,0 ,0 ,0 ,0 ,,0 ,0 ,0 ,,0 ,0 ,0 ,,0 ,0 ,0 ,,0 ,0 ,0 ,,0 ,0 ,0 ,,0 ,0 ,0 ,,0 ,0 ,0 ,,0 ,0 ,0 ,,0 ,0 ,0 ,,0 ,0 ,0 ,,0 ,0 ,0 ,,0 ,0 ,0 ,,0 ,0 ,0 ,,0 ,0 ,0 ,,0 ,0 ,0 ,,0 ,0 ,0 ,,0 ,0 ,0 ,,0 ,0 ,0 ,,0 ,0 ,0 ,,0 ,0 ,0 ,,0 ,0 ,0 ,,0 ,0 ,0 ,,0 ,0 ,0 ,,0 ,0 ,0 ,,0 ,0 ,0 ,,0 ,0 ,0 ,,0 ,0 ,0 ,,0 ,0 ,0 
641001,Software Support,641000,0 ,0 ,0 ,0 ,,0 ,0 ,0 ,0 ,0 ,,0 ,0 ,0 ,,0 ,0 ,0 ,,0 ,0 ,0 ,,0 ,0 ,0 ,,0 ,0 ,0 ,,0 ,0 ,0 ,,0 ,0 ,0 ,,0 ,0 ,0 ,,0 ,0 ,0 ,,0 ,0 ,0 ,,0 ,0 ,0 ,,0 ,0 ,0 ,,0 ,0 ,0 ,,0 ,0 ,0 ,,0 ,0 ,0 ,,0 ,0 ,0 ,,0 ,0 ,0 ,,0 ,0 ,0 ,,0 ,0 ,0 ,,0 ,0 ,0 ,,0 ,0 ,0 ,,0 ,0 ,0 ,,0 ,0 ,0 ,,0 ,0 ,0 ,,0 ,0 ,0 ,,0 ,0 ,0 ,,0 ,0 ,0 ,,0 ,0 ,0 
Total 641000,Total Software Support,,0 ,0 ,0 ,0 ,0 ,0 ,0 ,0 ,0 ,0 ,,0 ,0 ,0 ,,0 ,0 ,0 ,,0 ,0 ,0 ,,0 ,0 ,0 ,,0 ,0 ,0 ,,0 ,0 ,0 ,,0 ,0 ,0 ,,0 ,0 ,0 ,,0 ,0 ,0 ,,0 ,0 ,0 ,,0 ,0 ,0 ,,0 ,0 ,0 ,,0 ,0 ,0 ,,0 ,0 ,0 ,,0 ,0 ,0 ,,0 ,0 ,0 ,,0 ,0 ,0 ,,0 ,0 ,0 ,,0 ,0 ,0 ,,0 ,0 ,0 ,,0 ,0 ,0 ,,0 ,0 ,0 ,,0 ,0 ,0 ,,0 ,0 ,0 ,,0 ,0 ,0 ,,0 ,0 ,0 ,,0 ,0 ,0 ,,0 ,0 ,0 
641100,Insurance,641100,0 ,0 ,0 ,0 ,,0 ,0 ,0 ,0 ,0 ,,0 ,0 ,0 ,,0 ,0 ,0 ,,0 ,0 ,0 ,,0 ,0 ,0 ,,0 ,0 ,0 ,,0 ,0 ,0 ,,0 ,0 ,0 ,,0 ,0 ,0 ,,0 ,0 ,0 ,,0 ,0 ,0 ,,0 ,0 ,0 ,,0 ,0 ,0 ,,0 ,0 ,0 ,,0 ,0 ,0 ,,0 ,0 ,0 ,,0 ,0 ,0 ,,0 ,0 ,0 ,,0 ,0 ,0 ,,0 ,0 ,0 ,,0 ,0 ,0 ,,0 ,0 ,0 ,,0 ,0 ,0 ,,0 ,0 ,0 ,,0 ,0 ,0 ,,0 ,0 ,0 ,,0 ,0 ,0 ,,0 ,0 ,0 ,,0 ,0 ,0 
641101, Insurance Expense,641100,0 ,0 ,0 ,0 ,,0 ,0 ,0 ,0 ,0 ,,0 ,0 ,0 ,,0 ,"4,711 ","-4,711 ",,0 ,0 ,0 ,,0 ,0 ,0 ,,0 ,0 ,0 ,,0 ,0 ,0 ,,0 ,0 ,0 ,,0 ,0 ,0 ,,0 ,0 ,0 ,,0 ,181 ,-181 ,,0 ,0 ,0 ,,0 ,0 ,0 ,,0 ,0 ,0 ,,0 ,0 ,0 ,,0 ,0 ,0 ,,0 ,0 ,0 ,,0 ,0 ,0 ,,0 ,0 ,0 ,,0 ,0 ,0 ,,0 ,0 ,0 ,,0 ,0 ,0 ,,0 ,0 ,0 ,,0 ,0 ,0 ,,0 ,0 ,0 ,,0 ,0 ,0 ,,0 ,0 ,0 ,,0 ,0 ,0 ,,0 ,0 ,0 
640610,Medical Insurance,,0 ,0 ,0 ,0 ,,0 ,0 ,0 ,0 ,0 ,,0 ,0 ,0 ,,0 ,0 ,0 ,,0 ,0 ,0 ,,0 ,0 ,0 ,,0 ,0 ,0 ,,0 ,0 ,0 ,,0 ,0 ,0 ,,0 ,0 ,0 ,,0 ,0 ,0 ,,0 ,0 ,0 ,,0 ,0 ,0 ,,0 ,0 ,0 ,,0 ,0 ,0 ,,0 ,0 ,0 ,,0 ,0 ,0 ,,0 ,0 ,0 ,,0 ,0 ,0 ,,0 ,0 ,0 ,,0 ,0 ,0 ,,0 ,0 ,0 ,,0 ,0 ,0 ,,0 ,0 ,0 ,,0 ,0 ,0 ,,0 ,0 ,0 ,,0 ,0 ,0 ,,0 ,0 ,0 ,,0 ,0 ,0 ,,0 ,0 ,0 
640611,Takafull Contribution (Medical 0.0025),,0 ,0 ,0 ,0 ,,0 ,0 ,0 ,0 ,0 ,,0 ,0 ,0 ,,0 ,0 ,0 ,,0 ,0 ,0 ,,0 ,0 ,0 ,,0 ,0 ,0 ,,0 ,0 ,0 ,,0 ,0 ,0 ,,0 ,0 ,0 ,,0 ,0 ,0 ,,0 ,0 ,0 ,,0 ,0 ,0 ,,0 ,0 ,0 ,,0 ,0 ,0 ,,0 ,0 ,0 ,,0 ,0 ,0 ,,0 ,0 ,0 ,,0 ,0 ,0 ,,0 ,0 ,0 ,,0 ,0 ,0 ,,0 ,0 ,0 ,,0 ,0 ,0 ,,0 ,0 ,0 ,,0 ,0 ,0 ,,0 ,0 ,0 ,,0 ,0 ,0 ,,0 ,0 ,0 ,,0 ,0 ,0 ,,0 ,0 ,0 
Total 641100,Total Insurance,,0 ,0 ,0 ,0 ,0 ,0 ,0 ,0 ,0 ,0 ,,0 ,0 ,0 ,,0 ,"4,711 ","-4,711 ",,0 ,0 ,0 ,,0 ,0 ,0 ,,0 ,0 ,0 ,,0 ,0 ,0 ,,0 ,0 ,0 ,,0 ,0 ,0 ,,0 ,0 ,0 ,,0 ,181 ,-181 ,,0 ,0 ,0 ,,0 ,0 ,0 ,,0 ,0 ,0 ,,0 ,0 ,0 ,,0 ,0 ,0 ,,0 ,0 ,0 ,,0 ,0 ,0 ,,0 ,0 ,0 ,,0 ,0 ,0 ,,0 ,0 ,0 ,,0 ,0 ,0 ,,0 ,0 ,0 ,,0 ,0 ,0 ,,0 ,0 ,0 ,,0 ,0 ,0 ,,0 ,0 ,0 ,,0 ,0 ,0 ,,0 ,0 ,0 
641200,Office Expenses,,0 ,0 ,0 ,0 ,,0 ,0 ,0 ,0 ,0 ,,0 ,0 ,0 ,,0 ,0 ,0 ,,0 ,0 ,0 ,,0 ,0 ,0 ,,0 ,0 ,0 ,,0 ,0 ,0 ,,0 ,0 ,0 ,,0 ,0 ,0 ,,0 ,0 ,0 ,,0 ,0 ,0 ,,0 ,0 ,0 ,,0 ,0 ,0 ,,0 ,0 ,0 ,,0 ,0 ,0 ,,0 ,0 ,0 ,,0 ,0 ,0 ,,0 ,0 ,0 ,,0 ,0 ,0 ,,0 ,0 ,0 ,,0 ,0 ,0 ,,0 ,0 ,0 ,,0 ,0 ,0 ,,0 ,0 ,0 ,,0 ,0 ,0 ,,0 ,0 ,0 ,,0 ,0 ,0 ,,0 ,0 ,0 ,,0 ,0 ,0 
641201, Office,641200,0 ,0 ,0 ,0 ,,0 ,0 ,0 ,0 ,0 ,,0 ,0 ,0 ,,0 ,0 ,0 ,,0 ,0 ,0 ,,0 ,0 ,0 ,,0 ,0 ,0 ,,0 ,0 ,0 ,,0 ,0 ,0 ,,0 ,0 ,0 ,,0 ,0 ,0 ,,0 ,0 ,0 ,,0 ,0 ,0 ,,0 ,0 ,0 ,,0 ,0 ,0 ,,0 ,0 ,0 ,,0 ,0 ,0 ,,0 ,0 ,0 ,,0 ,0 ,0 ,,0 ,0 ,0 ,,0 ,0 ,0 ,,0 ,0 ,0 ,,0 ,0 ,0 ,,0 ,0 ,0 ,,0 ,0 ,0 ,,0 ,0 ,0 ,,0 ,0 ,0 ,,0 ,0 ,0 ,,0 ,0 ,0 ,,0 ,0 ,0 
641202, Moving Expenses,,0 ,0 ,0 ,0 ,,0 ,0 ,0 ,0 ,0 ,,0 ,0 ,0 ,,0 ,0 ,0 ,,0 ,0 ,0 ,,0 ,0 ,0 ,,0 ,0 ,0 ,,0 ,0 ,0 ,,0 ,0 ,0 ,,0 ,0 ,0 ,,0 ,0 ,0 ,,0 ,0 ,0 ,,0 ,0 ,0 ,,0 ,0 ,0 ,,0 ,0 ,0 ,,0 ,0 ,0 ,,0 ,0 ,0 ,,0 ,0 ,0 ,,0 ,0 ,0 ,,0 ,0 ,0 ,,0 ,0 ,0 ,,0 ,0 ,0 ,,0 ,0 ,0 ,,0 ,0 ,0 ,,0 ,0 ,0 ,,0 ,0 ,0 ,,0 ,0 ,0 ,,0 ,0 ,0 ,,0 ,0 ,0 ,,0 ,0 ,0 
641203, Shipping,,0 ,0 ,0 ,0 ,,0 ,0 ,0 ,0 ,0 ,,0 ,0 ,0 ,,0 ,0 ,0 ,,0 ,0 ,0 ,,0 ,0 ,0 ,,0 ,0 ,0 ,,0 ,0 ,0 ,,0 ,0 ,0 ,,0 ,0 ,0 ,,0 ,0 ,0 ,,0 ,0 ,0 ,,0 ,0 ,0 ,,0 ,0 ,0 ,,0 ,0 ,0 ,,0 ,0 ,0 ,,0 ,0 ,0 ,,0 ,0 ,0 ,,0 ,0 ,0 ,,0 ,0 ,0 ,,0 ,0 ,0 ,,0 ,0 ,0 ,,0 ,0 ,0 ,,0 ,0 ,0 ,,0 ,0 ,0 ,,0 ,0 ,0 ,,0 ,0 ,0 ,,0 ,0 ,0 ,,0 ,0 ,0 ,,0 ,0 ,0 
641204, Misc. Business Expenses,,0 ,0 ,0 ,0 ,,0 ,0 ,0 ,0 ,0 ,,0 ,0 ,0 ,,0 ,0 ,0 ,,0 ,0 ,0 ,,0 ,0 ,0 ,,0 ,0 ,0 ,,0 ,0 ,0 ,,0 ,0 ,0 ,,0 ,0 ,0 ,,0 ,0 ,0 ,,0 ,0 ,0 ,,0 ,0 ,0 ,,0 ,0 ,0 ,,0 ,0 ,0 ,,0 ,0 ,0 ,,0 ,0 ,0 ,,0 ,0 ,0 ,,0 ,0 ,0 ,,0 ,0 ,0 ,,0 ,0 ,0 ,,0 ,0 ,0 ,,0 ,0 ,0 ,,0 ,0 ,0 ,,0 ,0 ,0 ,,0 ,0 ,0 ,,0 ,0 ,0 ,,0 ,0 ,0 ,,0 ,0 ,0 ,,0 ,0 ,0 
Total 641200,Total Office Expenses,,0 ,0 ,0 ,0 ,0 ,0 ,0 ,0 ,0 ,0 ,,0 ,0 ,0 ,,0 ,0 ,0 ,,0 ,0 ,0 ,,0 ,0 ,0 ,,0 ,0 ,0 ,,0 ,0 ,0 ,,0 ,0 ,0 ,,0 ,0 ,0 ,,0 ,0 ,0 ,,0 ,0 ,0 ,,0 ,0 ,0 ,,0 ,0 ,0 ,,0 ,0 ,0 ,,0 ,0 ,0 ,,0 ,0 ,0 ,,0 ,0 ,0 ,,0 ,0 ,0 ,,0 ,0 ,0 ,,0 ,0 ,0 ,,0 ,0 ,0 ,,0 ,0 ,0 ,,0 ,0 ,0 ,,0 ,0 ,0 ,,0 ,0 ,0 ,,0 ,0 ,0 ,,0 ,0 ,0 ,,0 ,0 ,0 ,,0 ,0 ,0 
641400,Bank Fees and Charges,,0 ,0 ,0 ,0 ,,0 ,0 ,0 ,0 ,0 ,,0 ,0 ,0 ,,0 ,0 ,0 ,,0 ,0 ,0 ,,0 ,0 ,0 ,,0 ,0 ,0 ,,0 ,0 ,0 ,,0 ,0 ,0 ,,0 ,0 ,0 ,,0 ,0 ,0 ,,0 ,0 ,0 ,,0 ,0 ,0 ,,0 ,0 ,0 ,,0 ,0 ,0 ,,0 ,0 ,0 ,,0 ,0 ,0 ,,0 ,0 ,0 ,,0 ,0 ,0 ,,0 ,0 ,0 ,,0 ,0 ,0 ,,0 ,0 ,0 ,,0 ,0 ,0 ,,0 ,0 ,0 ,,0 ,0 ,0 ,,0 ,0 ,0 ,,0 ,0 ,0 ,,0 ,0 ,0 ,,0 ,0 ,0 ,,0 ,0 ,0 
641401,Bank Fees and Charges,641400,0 ,0 ,0 ,0 ,,0 ,0 ,0 ,0 ,0 ,,0 ,0 ,0 ,,0 ,389 ,-389 ,,0 ,61 ,-61 ,,0 ,0 ,0 ,,0 ,0 ,0 ,,0 ,79 ,-79 ,,0 ,0 ,0 ,,0 ,18 ,-18 ,,0 ,0 ,0 ,,0 ,"9,826 ","-9,826 ",,0 ,0 ,0 ,,0 ,0 ,0 ,,0 ,0 ,0 ,,0 ,0 ,0 ,,0 ,0 ,0 ,,0 ,0 ,0 ,,0 ,0 ,0 ,,0 ,0 ,0 ,,0 ,0 ,0 ,,0 ,0 ,0 ,,0 ,0 ,0 ,,0 ,0 ,0 ,,0 ,0 ,0 ,,0 ,0 ,0 ,,0 ,0 ,0 ,,0 ,0 ,0 ,,0 ,0 ,0 ,,0 ,0 ,0 
641402,Bank Fees and Charges,,0 ,0 ,0 ,0 ,,0 ,0 ,0 ,0 ,0 ,,0 ,0 ,0 ,,0 ,0 ,0 ,,0 ,0 ,0 ,,0 ,0 ,0 ,,0 ,0 ,0 ,,0 ,0 ,0 ,,0 ,0 ,0 ,,0 ,0 ,0 ,,0 ,0 ,0 ,,0 ,0 ,0 ,,0 ,0 ,0 ,,0 ,0 ,0 ,,0 ,0 ,0 ,,0 ,0 ,0 ,,0 ,0 ,0 ,,0 ,0 ,0 ,,0 ,0 ,0 ,,0 ,0 ,0 ,,0 ,0 ,0 ,,0 ,0 ,0 ,,0 ,0 ,0 ,,0 ,0 ,0 ,,0 ,0 ,0 ,,0 ,0 ,0 ,,0 ,0 ,0 ,,0 ,0 ,0 ,,0 ,0 ,0 ,,0 ,0 ,0 
641403,Bank Fees and Charges,,0 ,0 ,0 ,0 ,,0 ,0 ,0 ,0 ,0 ,,0 ,0 ,0 ,,0 ,270 ,-270 ,,0 ,36 ,-36 ,,0 ,2 ,-2 ,,0 ,0 ,0 ,,0 ,0 ,0 ,,0 ,0 ,0 ,,0 ,0 ,0 ,,0 ,0 ,0 ,,0 ,0 ,0 ,,0 ,0 ,0 ,,0 ,0 ,0 ,,0 ,0 ,0 ,,0 ,0 ,0 ,,0 ,0 ,0 ,,0 ,0 ,0 ,,0 ,0 ,0 ,,0 ,0 ,0 ,,0 ,0 ,0 ,,0 ,0 ,0 ,,0 ,0 ,0 ,,0 ,0 ,0 ,,0 ,0 ,0 ,,0 ,0 ,0 ,,0 ,0 ,0 ,,0 ,0 ,0 ,,0 ,0 ,0 ,,0 ,0 ,0 
Total 641400,Total Bank Charges,,0 ,0 ,0 ,0 ,0 ,0 ,0 ,0 ,0 ,0 ,,0 ,0 ,0 ,,0 ,659 ,-659 ,,0 ,96 ,-96 ,,0 ,2 ,-2 ,,0 ,0 ,0 ,,0 ,79 ,-79 ,,0 ,0 ,0 ,,0 ,18 ,-18 ,,0 ,0 ,0 ,,0 ,"9,826 ","-9,826 ",,0 ,0 ,0 ,,0 ,0 ,0 ,,0 ,0 ,0 ,,0 ,0 ,0 ,,0 ,0 ,0 ,,0 ,0 ,0 ,,0 ,0 ,0 ,,0 ,0 ,0 ,,0 ,0 ,0 ,,0 ,0 ,0 ,,0 ,0 ,0 ,,0 ,0 ,0 ,,0 ,0 ,0 ,,0 ,0 ,0 ,,0 ,0 ,0 ,,0 ,0 ,0 ,,0 ,0 ,0 ,,0 ,0 ,0 
641500,Legal Fees,,0 ,0 ,0 ,0 ,,0 ,0 ,0 ,0 ,0 ,,0 ,0 ,0 ,,0 ,0 ,0 ,,0 ,0 ,0 ,,0 ,0 ,0 ,,0 ,0 ,0 ,,0 ,0 ,0 ,,0 ,0 ,0 ,,0 ,0 ,0 ,,0 ,0 ,0 ,,0 ,0 ,0 ,,0 ,0 ,0 ,,0 ,0 ,0 ,,0 ,0 ,0 ,,0 ,0 ,0 ,,0 ,0 ,0 ,,0 ,0 ,0 ,,0 ,0 ,0 ,,0 ,0 ,0 ,,0 ,0 ,0 ,,0 ,0 ,0 ,,0 ,0 ,0 ,,0 ,0 ,0 ,,0 ,0 ,0 ,,0 ,0 ,0 ,,0 ,0 ,0 ,,0 ,0 ,0 ,,0 ,0 ,0 ,,0 ,0 ,0 
641501,Legal Fees,641500,0 ,0 ,0 ,0 ,,0 ,0 ,0 ,0 ,0 ,,0 ,0 ,0 ,,0 ,0 ,0 ,,0 ,255 ,-255 ,,0 ,718 ,-718 ,,0 ,0 ,0 ,,0 ,0 ,0 ,,0 ,0 ,0 ,,0 ,0 ,0 ,,0 ,0 ,0 ,,0 ,0 ,0 ,,0 ,0 ,0 ,,0 ,0 ,0 ,,0 ,0 ,0 ,,0 ,0 ,0 ,,0 ,0 ,0 ,,0 ,0 ,0 ,,0 ,0 ,0 ,,0 ,0 ,0 ,,0 ,0 ,0 ,,0 ,0 ,0 ,,0 ,0 ,0 ,,0 ,0 ,0 ,,0 ,0 ,0 ,,0 ,0 ,0 ,,0 ,0 ,0 ,,0 ,0 ,0 ,,0 ,0 ,0 ,,0 ,0 ,0 
Total 641500,Total Legal Fee,,0 ,0 ,0 ,0 ,0 ,0 ,0 ,0 ,0 ,0 ,,0 ,0 ,0 ,,0 ,0 ,0 ,,0 ,255 ,255 ,,0 ,718 ,718 ,,0 ,0 ,0 ,,0 ,0 ,0 ,,0 ,0 ,0 ,,0 ,0 ,0 ,,0 ,0 ,0 ,,0 ,0 ,0 ,,0 ,0 ,0 ,,0 ,0 ,0 ,,0 ,0 ,0 ,,0 ,0 ,0 ,,0 ,0 ,0 ,,0 ,0 ,0 ,,0 ,0 ,0 ,,0 ,0 ,0 ,,0 ,0 ,0 ,,0 ,0 ,0 ,,0 ,0 ,0 ,,0 ,0 ,0 ,,0 ,0 ,0 ,,0 ,0 ,0 ,,0 ,0 ,0 ,,0 ,0 ,0 ,,0 ,0 ,0 ,,0 ,0 ,0 
641600,Fees and Subscription,,0 ,0 ,0 ,0 ,,0 ,0 ,0 ,0 ,0 ,,0 ,0 ,0 ,,0 ,0 ,0 ,,0 ,0 ,0 ,,0 ,0 ,0 ,,0 ,0 ,0 ,,0 ,0 ,0 ,,0 ,0 ,0 ,,0 ,0 ,0 ,,0 ,0 ,0 ,,0 ,0 ,0 ,,0 ,0 ,0 ,,0 ,0 ,0 ,,0 ,0 ,0 ,,0 ,0 ,0 ,,0 ,0 ,0 ,,0 ,0 ,0 ,,0 ,0 ,0 ,,0 ,0 ,0 ,,0 ,0 ,0 ,,0 ,0 ,0 ,,0 ,0 ,0 ,,0 ,0 ,0 ,,0 ,0 ,0 ,,0 ,0 ,0 ,,0 ,0 ,0 ,,0 ,0 ,0 ,,0 ,0 ,0 ,,0 ,0 ,0 
641601,Dues & Subscriptions,641600,0 ,0 ,0 ,0 ,,0 ,0 ,0 ,0 ,0 ,,0 ,0 ,0 ,,0 ,0 ,0 ,,0 ,0 ,0 ,,0 ,0 ,0 ,,0 ,0 ,0 ,,0 ,114 ,-114 ,,0 ,0 ,0 ,,0 ,0 ,0 ,,0 ,0 ,0 ,,0 ,0 ,0 ,,0 ,0 ,0 ,,0 ,0 ,0 ,,0 ,0 ,0 ,,0 ,0 ,0 ,,0 ,0 ,0 ,,0 ,0 ,0 ,,0 ,0 ,0 ,,0 ,0 ,0 ,,0 ,0 ,0 ,,0 ,0 ,0 ,,0 ,0 ,0 ,,0 ,0 ,0 ,,0 ,0 ,0 ,,0 ,0 ,0 ,,0 ,0 ,0 ,,0 ,0 ,0 ,,0 ,0 ,0 ,,0 ,0 ,0 
641602,Background check,,0 ,0 ,0 ,0 ,,0 ,0 ,0 ,0 ,0 ,,0 ,0 ,0 ,,0 ,73 ,-73 ,,0 ,0 ,0 ,,0 ,0 ,0 ,,0 ,0 ,0 ,,0 ,0 ,0 ,,0 ,0 ,0 ,,0 ,0 ,0 ,,0 ,0 ,0 ,,0 ,0 ,0 ,,0 ,0 ,0 ,,0 ,0 ,0 ,,0 ,0 ,0 ,,0 ,0 ,0 ,,0 ,0 ,0 ,,0 ,0 ,0 ,,0 ,0 ,0 ,,0 ,0 ,0 ,,0 ,0 ,0 ,,0 ,0 ,0 ,,0 ,0 ,0 ,,0 ,0 ,0 ,,0 ,0 ,0 ,,0 ,0 ,0 ,,0 ,0 ,0 ,,0 ,0 ,0 ,,0 ,0 ,0 ,,0 ,0 ,0 
641603,Finance Processing fees,,0 ,0 ,0 ,0 ,,0 ,0 ,0 ,0 ,0 ,,0 ,0 ,0 ,,0 ,0 ,-0 ,,0 ,0 ,0 ,,0 ,0 ,0 ,,0 ,0 ,0 ,,0 ,0 ,0 ,,0 ,0 ,0 ,,0 ,0 ,0 ,,0 ,0 ,0 ,,0 ,0 ,0 ,,0 ,0 ,0 ,,0 ,0 ,0 ,,0 ,0 ,0 ,,0 ,0 ,0 ,,0 ,0 ,0 ,,0 ,0 ,0 ,,0 ,0 ,0 ,,0 ,0 ,0 ,,0 ,0 ,0 ,,0 ,0 ,0 ,,0 ,0 ,0 ,,0 ,0 ,0 ,,0 ,0 ,0 ,,0 ,0 ,0 ,,0 ,0 ,0 ,,0 ,0 ,0 ,,0 ,0 ,0 ,,0 ,0 ,0 
641604,HR processing fees,,0 ,0 ,0 ,0 ,,0 ,0 ,0 ,0 ,0 ,,0 ,0 ,0 ,,0 ,0 ,0 ,,0 ,0 ,0 ,,0 ,0 ,0 ,,0 ,0 ,0 ,,0 ,0 ,0 ,,0 ,0 ,0 ,,0 ,0 ,0 ,,0 ,0 ,0 ,,0 ,0 ,0 ,,0 ,0 ,0 ,,0 ,0 ,0 ,,0 ,0 ,0 ,,0 ,0 ,0 ,,0 ,0 ,0 ,,0 ,0 ,0 ,,0 ,0 ,0 ,,0 ,0 ,0 ,,0 ,0 ,0 ,,0 ,0 ,0 ,,0 ,0 ,0 ,,0 ,0 ,0 ,,0 ,0 ,0 ,,0 ,0 ,0 ,,0 ,0 ,0 ,,0 ,0 ,0 ,,0 ,0 ,0 ,,0 ,0 ,0 
641606,Takafull Contribution (Medical 0,641600,0 ,0 ,0 ,0 ,,0 ,0 ,0 ,0 ,0 ,,0 ,0 ,0 ,,0 ,0 ,0 ,,0 ,0 ,0 ,,0 ,0 ,0 ,,0 ,0 ,0 ,,0 ,0 ,0 ,,0 ,0 ,0 ,,0 ,0 ,0 ,,0 ,0 ,0 ,,0 ,0 ,0 ,,0 ,0 ,0 ,,0 ,0 ,0 ,,0 ,0 ,0 ,,0 ,0 ,0 ,,0 ,0 ,0 ,,0 ,0 ,0 ,,0 ,0 ,0 ,,0 ,0 ,0 ,,0 ,0 ,0 ,,0 ,0 ,0 ,,0 ,0 ,0 ,,0 ,0 ,0 ,,0 ,0 ,0 ,,0 ,0 ,0 ,,0 ,0 ,0 ,,0 ,0 ,0 ,,0 ,0 ,0 ,,0 ,0 ,0 
Total 641600,Total Fees and Subscription,,0 ,0 ,0 ,0 ,0 ,0 ,0 ,0 ,0 ,0 ,,0 ,0 ,0 ,,0 ,73 ,73 ,,0 ,0 ,0 ,,0 ,0 ,0 ,,0 ,0 ,0 ,,0 ,114 ,114 ,,0 ,0 ,0 ,,0 ,0 ,0 ,,0 ,0 ,0 ,,0 ,0 ,0 ,,0 ,0 ,0 ,,0 ,0 ,0 ,,0 ,0 ,0 ,,0 ,0 ,0 ,,0 ,0 ,0 ,,0 ,0 ,0 ,,0 ,0 ,0 ,,0 ,0 ,0 ,,0 ,0 ,0 ,,0 ,0 ,0 ,,0 ,0 ,0 ,,0 ,0 ,0 ,,0 ,0 ,0 ,,0 ,0 ,0 ,,0 ,0 ,0 ,,0 ,0 ,0 ,,0 ,0 ,0 ,,0 ,0 ,0 
641700,Professional & Consultancy Fees,,0 ,0 ,0 ,0 ,,0 ,0 ,0 ,0 ,0 ,,0 ,0 ,0 ,,0 ,0 ,0 ,,0 ,0 ,0 ,,0 ,0 ,0 ,,0 ,0 ,0 ,,0 ,0 ,0 ,,0 ,0 ,0 ,,0 ,0 ,0 ,,0 ,0 ,0 ,,0 ,0 ,0 ,,0 ,0 ,0 ,,0 ,0 ,0 ,,0 ,0 ,0 ,,0 ,0 ,0 ,,0 ,0 ,0 ,,0 ,0 ,0 ,,0 ,0 ,0 ,,0 ,0 ,0 ,,0 ,0 ,0 ,,0 ,0 ,0 ,,0 ,0 ,0 ,,0 ,0 ,0 ,,0 ,0 ,0 ,,0 ,0 ,0 ,,0 ,0 ,0 ,,0 ,0 ,0 ,,0 ,0 ,0 ,,0 ,0 ,0 
641701,Accounting & Audit Fees,641700,0 ,0 ,0 ,0 ,,0 ,0 ,0 ,0 ,0 ,,0 ,0 ,0 ,,0 ,0 ,0 ,,0 ,511 ,-511 ,,0 ,569 ,-569 ,,0 ,66 ,-66 ,,0 ,861 ,-861 ,,0 ,857 ,-857 ,,0 ,219 ,-219 ,,0 ,0 ,0 ,,0 ,"18,768 ","-18,768 ",,0 ,0 ,0 ,,0 ,0 ,0 ,,0 ,0 ,0 ,,0 ,0 ,0 ,,0 ,0 ,0 ,,0 ,0 ,0 ,,0 ,0 ,0 ,,0 ,0 ,0 ,,0 ,0 ,0 ,,0 ,0 ,0 ,,0 ,0 ,0 ,,0 ,0 ,0 ,,0 ,0 ,0 ,,0 ,0 ,0 ,,0 ,0 ,0 ,,0 ,0 ,0 ,,0 ,0 ,0 ,,0 ,0 ,0 
641702,Technology related Fees,,0 ,0 ,0 ,0 ,,0 ,0 ,0 ,0 ,0 ,,0 ,0 ,0 ,,0 ,0 ,0 ,,0 ,0 ,0 ,,0 ,0 ,0 ,,0 ,0 ,0 ,,0 ,0 ,0 ,,0 ,0 ,0 ,,0 ,0 ,0 ,,0 ,0 ,0 ,,0 ,0 ,0 ,,0 ,0 ,0 ,,0 ,0 ,0 ,,0 ,0 ,0 ,,0 ,0 ,0 ,,0 ,0 ,0 ,,0 ,0 ,0 ,,0 ,0 ,0 ,,0 ,0 ,0 ,,0 ,0 ,0 ,,0 ,0 ,0 ,,0 ,0 ,0 ,,0 ,0 ,0 ,,0 ,0 ,0 ,,0 ,0 ,0 ,,0 ,0 ,0 ,,0 ,0 ,0 ,,0 ,0 ,0 ,,0 ,0 ,0 
641704,Payroll Processing Fees,,0 ,0 ,0 ,0 ,,0 ,0 ,0 ,0 ,0 ,,0 ,0 ,0 ,,0 ,219 ,-219 ,,0 ,0 ,0 ,,0 ,140 ,-140 ,,0 ,0 ,0 ,,0 ,0 ,0 ,,0 ,0 ,0 ,,0 ,261 ,-261 ,,0 ,0 ,0 ,,0 ,0 ,0 ,,0 ,0 ,0 ,,0 ,0 ,0 ,,0 ,0 ,0 ,,0 ,0 ,0 ,,0 ,0 ,0 ,,0 ,0 ,0 ,,0 ,0 ,0 ,,0 ,0 ,0 ,,0 ,0 ,0 ,,0 ,0 ,0 ,,0 ,0 ,0 ,,0 ,0 ,0 ,,0 ,0 ,0 ,,0 ,0 ,0 ,,0 ,0 ,0 ,,0 ,0 ,0 ,,0 ,0 ,0 ,,0 ,0 ,0 
641706, Audit Fees,,0 ,0 ,0 ,0 ,,0 ,0 ,0 ,0 ,0 ,,0 ,0 ,0 ,,0 ,0 ,0 ,,0 ,0 ,0 ,,0 ,0 ,0 ,,0 ,0 ,0 ,,0 ,0 ,0 ,,0 ,0 ,0 ,,0 ,0 ,0 ,,0 ,0 ,0 ,,0 ,0 ,0 ,,0 ,0 ,0 ,,0 ,0 ,0 ,,0 ,0 ,0 ,,0 ,0 ,0 ,,0 ,0 ,0 ,,0 ,0 ,0 ,,0 ,0 ,0 ,,0 ,0 ,0 ,,0 ,0 ,0 ,,0 ,0 ,0 ,,0 ,0 ,0 ,,0 ,0 ,0 ,,0 ,0 ,0 ,,0 ,0 ,0 ,,0 ,0 ,0 ,,0 ,0 ,0 ,,0 ,0 ,0 ,,0 ,0 ,0 
641705,Consulting Fees,,0 ,0 ,0 ,0 ,,0 ,0 ,0 ,0 ,0 ,,0 ,0 ,0 ,,0 ,"2,091 ","-2,091 ",,0 ,0 ,0 ,,0 ,0 ,0 ,,0 ,0 ,0 ,,0 ,0 ,0 ,,0 ,0 ,0 ,,0 ,0 ,0 ,,0 ,0 ,0 ,,0 ,"-6,009 ","6,009 ",,0 ,0 ,0 ,,0 ,0 ,0 ,,0 ,0 ,0 ,,0 ,0 ,0 ,,0 ,0 ,0 ,,0 ,0 ,0 ,,0 ,0 ,0 ,,0 ,0 ,0 ,,0 ,0 ,0 ,,0 ,0 ,0 ,,0 ,0 ,0 ,,0 ,0 ,0 ,,0 ,0 ,0 ,,0 ,0 ,0 ,,0 ,0 ,0 ,,0 ,0 ,0 ,,0 ,0 ,0 ,,0 ,0 ,0 
Total 641700,Total Professional & Consultancy Fees,,0 ,0 ,0 ,0 ,0 ,0 ,0 ,0 ,0 ,0 ,,0 ,0 ,0 ,,0 ,"2,311 ","2,311 ",,0 ,511 ,511 ,,0 ,709 ,709 ,,0 ,66 ,66 ,,0 ,861 ,861 ,,0 ,857 ,857 ,,0 ,480 ,480 ,,0 ,0 ,0 ,,0 ,"12,760 ","12,760 ",,0 ,0 ,0 ,,0 ,0 ,0 ,,0 ,0 ,0 ,,0 ,0 ,0 ,,0 ,0 ,0 ,,0 ,0 ,0 ,,0 ,0 ,0 ,,0 ,0 ,0 ,,0 ,0 ,0 ,,0 ,0 ,0 ,,0 ,0 ,0 ,,0 ,0 ,0 ,,0 ,0 ,0 ,,0 ,0 ,0 ,,0 ,0 ,0 ,,0 ,0 ,0 ,,0 ,0 ,0 ,,0 ,0 ,0 
641800,Shareholders and Board Meetings,,0 ,,,0 ,,0 ,0 ,0 ,0 ,,,0 ,0 ,0 ,,0 ,0 ,0 ,,0 ,0 ,0 ,,0 ,0 ,0 ,,0 ,0 ,0 ,,0 ,0 ,0 ,,0 ,0 ,0 ,,0 ,0 ,0 ,,0 ,0 ,0 ,,0 ,0 ,0 ,,,,,,,,,,,,,,,,,,,,,,,,,,,,,,,,,,,,,,,,,,,,,,,,,,,,,,,,,,,,,,,,,,,,,,,,
,Shareholders and Board Meetings,,,,,,,,,,,,,,,,,,,,,,,,,,,,,,,,,,,,,,,,,,,,,,,,,,,,,,,,,,,,,,,,,,,,,,,,,,,,,,,,,,,,,,,,,,,,,,,,,,,,,,,,,,,,,,,,,,,,,,,,,,,
Total 641800,Total Shareholders and Board Meetings,,0 ,0 ,0 ,0 ,0 ,0 ,0 ,0 ,0 ,0 ,,0 ,0 ,0 ,,0 ,0 ,0 ,,0 ,0 ,0 ,,0 ,0 ,0 ,,0 ,0 ,0 ,,0 ,0 ,0 ,,0 ,0 ,0 ,,0 ,0 ,0 ,,0 ,0 ,0 ,,0 ,0 ,0 ,,0 ,0 ,0 ,,0 ,0 ,0 ,,0 ,0 ,0 ,,0 ,0 ,0 ,,0 ,0 ,0 ,,0 ,0 ,0 ,,0 ,0 ,0 ,,0 ,0 ,0 ,,0 ,0 ,0 ,,0 ,0 ,0 ,,0 ,0 ,0 ,,0 ,0 ,0 ,,0 ,0 ,0 ,,0 ,0 ,0 ,,0 ,0 ,0 ,,0 ,0 ,0 ,,0 ,0 ,0 ,,0 ,0 ,0 
,Bad Debt Provisions,,,,,,,,,,,,,,,,,,,,,,,,,,,,,,,,,,,,,,,,,,,,,,,,,,,,,,,,,,,,,,,,,,,,,,,,,,,,,,,,,,,,,,,,,,,,,,,,,,,,,,,,,,,,,,,,,,,,,,,,,,,
641901,Bad Debt Provisions,641900,0 ,0 ,0 ,0 ,,0 ,0 ,0 ,0 ,0 ,,0 ,0 ,0 ,,0 ,0 ,0 ,,0 ,0 ,0 ,,0 ,0 ,0 ,,0 ,0 ,0 ,,0 ,0 ,0 ,,0 ,0 ,0 ,,0 ,0 ,0 ,,0 ,0 ,0 ,,0 ,0 ,0 ,,0 ,0 ,0 ,,0 ,0 ,0 ,,0 ,0 ,0 ,,0 ,0 ,0 ,,0 ,0 ,0 ,,0 ,0 ,0 ,,0 ,0 ,0 ,,0 ,0 ,0 ,,0 ,0 ,0 ,,0 ,0 ,0 ,,0 ,0 ,0 ,,0 ,0 ,0 ,,0 ,0 ,0 ,,0 ,0 ,0 ,,0 ,0 ,0 ,,0 ,0 ,0 ,,0 ,0 ,0 ,,0 ,0 ,0 
Total 641900,Total Bad Debt Provisions,,0 ,0 ,0 ,0 ,0 ,0 ,0 ,0 ,0 ,0 ,,0 ,0 ,0 ,,0 ,0 ,0 ,,0 ,0 ,0 ,,0 ,0 ,0 ,,0 ,0 ,0 ,,0 ,0 ,0 ,,0 ,0 ,0 ,,0 ,0 ,0 ,,0 ,0 ,0 ,,0 ,0 ,0 ,,0 ,0 ,0 ,,0 ,0 ,0 ,,0 ,0 ,0 ,,0 ,0 ,0 ,,0 ,0 ,0 ,,0 ,0 ,0 ,,0 ,0 ,0 ,,0 ,0 ,0 ,,0 ,0 ,0 ,,0 ,0 ,0 ,,0 ,0 ,0 ,,0 ,0 ,0 ,,0 ,0 ,0 ,,0 ,0 ,0 ,,0 ,0 ,0 ,,0 ,0 ,0 ,,0 ,0 ,0 ,,0 ,0 ,0 
Total G&A Expenses,,,0 ,0 ,0 ,0 ,0 ,0 ,0 ,0 ,0 ,0 ,,0 ,0 ,0 ,,0 ,"47,228 ","-18,330 ",,0 ,"1,587 ",-605 ,,0 ,"2,085 ",-2 ,,0 ,66 ,0 ,,0 ,"22,040 ",-194 ,,0 ,857 ,0 ,,0 ,"8,362 ",-839 ,,0 ,0 ,0 ,,0 ,"40,129 ","-19,379 ",,0 ,0 ,0 ,,0 ,0 ,0 ,,0 ,0 ,0 ,,0 ,0 ,0 ,,,,,,,,,,,,,,0 ,0 ,0 ,,0 ,0 ,0 ,,0 ,0 ,0 ,,0 ,0 ,0 ,,0 ,0 ,0 ,,0 ,0 ,0 ,,0 ,0 ,0 ,,0 ,0 ,0 ,,0 ,0 ,0 ,,0 ,0 ,0 ,,0 ,0 ,0 
Total Operating Expenses,,,0 ,0 ,0 ,0 ,0 ,0 ,0 ,0 ,0 ,0 ,,0 ,0 ,0 ,,0 ,"300,253 ","300,253 ",,0 ,"64,648 ","64,648 ",,0 ,"75,933 ","75,933 ",,0 ,66 ,66 ,,0 ,"22,040 ","22,040 ",,0 ,857 ,857 ,,0 ,"9,881 ","9,881 ",,0 ,"-8,093 ","-8,093 ",,0 ,"164,804 ","164,804 ",,0 ,0 ,0 ,,0 ,0 ,0 ,,0 ,0 ,0 ,,0 ,0 ,0 ,,0 ,0 ,0 ,,0 ,0 ,0 ,,0 ,0 ,0 ,,0 ,0 ,0 ,,0 ,0 ,0 ,,0 ,0 ,0 ,,0 ,0 ,0 ,,0 ,0 ,0 ,,0 ,0 ,0 ,,0 ,0 ,0 ,,0 ,0 ,0 ,,0 ,0 ,0 ,,0 ,0 ,0 ,,0 ,0 ,0 
EBITDA,,,0 ,0 ,0 ,0 ,0 ,0 ,0 ,0 ,0 ,0 ,,0 ,0 ,0 ,,0 ,"230,900 ","230,900 ",,0 ,"-104,124 ","-104,124 ",,0 ,"-102,960 ","-102,960 ",,0 ,-66 ,-66 ,,0 ,"-42,669 ","-42,669 ",,0 ,-857 ,-857 ,,0 ,"-58,136 ","-58,136 ",,0 ,"8,093 ","8,093 ",,0 ,"73,109 ","73,109 ",,0 ,0 ,0 ,,0 ,0 ,0 ,,0 ,0 ,0 ,,0 ,0 ,0 ,,0 ,0 ,0 ,,0 ,0 ,0 ,,0 ,0 ,0 ,,0 ,0 ,0 ,,0 ,0 ,0 ,,0 ,0 ,0 ,,0 ,0 ,0 ,,0 ,0 ,0 ,,0 ,0 ,0 ,,0 ,0 ,0 ,,0 ,0 ,0 ,,0 ,0 ,0 ,,0 ,0 ,0 ,,0 ,0 ,0 
700000,Non-Operating Expenses,,#DIV/0!,,,#DIV/0!,0%,#DIV/0!,#DIV/0!,#DIV/0!,#DIV/0!,,,,,,,,,,,,,,,,,,,,,,,,,,,,,,,,,,,,,,,,,,,,,,,,,,,,,,,,,,,,,,,,,,,,,,,,,,,,,,,,,,,,,,,,,,,,,,,,,,,,,,,,,,,,,,,,,
,Depreciation & Amortization,,,,,,,,,,,,,,,,,,,,,,,,,,,,,,,,,,,,,,,,,,,,,,,,,,,,,,,,,,,,,,,,,,,,,,,,,,,,,,,,,,,,,,,,,,,,,,,,,,,,,,,,,,,,,,,,,,,,,,,,,,,
710101,Depreciation Expense,710100,0 ,0 ,0 ,0 ,,0 ,0 ,0 ,0 ,0 ,,0 ,0 ,0 ,,0 ,0 ,0 ,,0 ,752 ,-752 ,,0 ,0 ,0 ,,0 ,0 ,0 ,,0 ,0 ,0 ,,0 ,0 ,0 ,,0 ,0 ,0 ,,0 ,0 ,0 ,,0 ,"92,838 ","-92,838 ",,0 ,0 ,0 ,,0 ,0 ,0 ,,0 ,0 ,0 ,,0 ,0 ,0 ,,0 ,0 ,0 ,,0 ,0 ,0 ,,0 ,0 ,0 ,,0 ,0 ,0 ,,0 ,0 ,0 ,,0 ,0 ,0 ,,0 ,0 ,0 ,,0 ,0 ,0 ,,0 ,0 ,0 ,,0 ,0 ,0 ,,0 ,0 ,0 ,,0 ,0 ,0 ,,0 ,0 ,0 ,,0 ,0 ,0 
710102,Laptops and PCs,,0 ,0 ,0 ,0 ,,0 ,0 ,0 ,0 ,0 ,,0 ,0 ,0 ,,0 ,0 ,0 ,,0 ,764 ,-764 ,,0 ,0 ,0 ,,0 ,0 ,0 ,,0 ,0 ,0 ,,0 ,0 ,0 ,,0 ,178 ,-178 ,,0 ,0 ,0 ,,0 ,0 ,0 ,,0 ,0 ,0 ,,0 ,0 ,0 ,,0 ,0 ,0 ,,0 ,0 ,0 ,,0 ,0 ,0 ,,0 ,0 ,0 ,,0 ,0 ,0 ,,0 ,0 ,0 ,,0 ,0 ,0 ,,0 ,0 ,0 ,,0 ,0 ,0 ,,0 ,0 ,0 ,,0 ,0 ,0 ,,0 ,0 ,0 ,,0 ,0 ,0 ,,0 ,0 ,0 ,,0 ,0 ,0 ,,0 ,0 ,0 
710103,Furniture,,0 ,0 ,0 ,0 ,,0 ,0 ,0 ,0 ,0 ,,0 ,0 ,0 ,,0 ,0 ,0 ,,0 ,14 ,-14 ,,0 ,0 ,0 ,,0 ,0 ,0 ,,0 ,0 ,0 ,,0 ,0 ,0 ,,0 ,5 ,-5 ,,0 ,0 ,0 ,,0 ,0 ,0 ,,0 ,0 ,0 ,,0 ,0 ,0 ,,0 ,0 ,0 ,,0 ,0 ,0 ,,0 ,0 ,0 ,,0 ,0 ,0 ,,0 ,0 ,0 ,,0 ,0 ,0 ,,0 ,0 ,0 ,,0 ,0 ,0 ,,0 ,0 ,0 ,,0 ,0 ,0 ,,0 ,0 ,0 ,,0 ,0 ,0 ,,0 ,0 ,0 ,,0 ,0 ,0 ,,0 ,0 ,0 ,,0 ,0 ,0 
710104,Finishing & Fixture,,0 ,0 ,0 ,0 ,,0 ,0 ,0 ,0 ,0 ,,0 ,0 ,0 ,,0 ,0 ,0 ,,0 ,0 ,0 ,,0 ,0 ,0 ,,0 ,0 ,0 ,,0 ,0 ,0 ,,0 ,0 ,0 ,,0 ,0 ,0 ,,0 ,0 ,0 ,,0 ,0 ,0 ,,0 ,0 ,0 ,,0 ,0 ,0 ,,0 ,0 ,0 ,,0 ,0 ,0 ,,0 ,0 ,0 ,,0 ,0 ,0 ,,0 ,0 ,0 ,,0 ,0 ,0 ,,0 ,0 ,0 ,,0 ,0 ,0 ,,0 ,0 ,0 ,,0 ,0 ,0 ,,0 ,0 ,0 ,,0 ,0 ,0 ,,0 ,0 ,0 ,,0 ,0 ,0 ,,0 ,0 ,0 ,,0 ,0 ,0 
710105,Cars,,0 ,0 ,0 ,0 ,,0 ,0 ,0 ,0 ,0 ,,0 ,0 ,0 ,,0 ,0 ,0 ,,0 ,193 ,-193 ,,0 ,0 ,0 ,,0 ,0 ,0 ,,0 ,0 ,0 ,,0 ,0 ,0 ,,0 ,0 ,0 ,,0 ,0 ,0 ,,0 ,0 ,0 ,,0 ,0 ,0 ,,0 ,0 ,0 ,,0 ,0 ,0 ,,0 ,0 ,0 ,,0 ,0 ,0 ,,0 ,0 ,0 ,,0 ,0 ,0 ,,0 ,0 ,0 ,,0 ,0 ,0 ,,0 ,0 ,0 ,,0 ,0 ,0 ,,0 ,0 ,0 ,,0 ,0 ,0 ,,0 ,0 ,0 ,,0 ,0 ,0 ,,0 ,0 ,0 ,,0 ,0 ,0 ,,0 ,0 ,0 
710106,Electric Devices,,0 ,0 ,0 ,0 ,,0 ,0 ,0 ,0 ,0 ,,0 ,0 ,0 ,,0 ,0 ,0 ,,0 ,53 ,-53 ,,0 ,0 ,0 ,,0 ,0 ,0 ,,0 ,0 ,0 ,,0 ,0 ,0 ,,0 ,44 ,-44 ,,0 ,0 ,0 ,,0 ,0 ,0 ,,0 ,0 ,0 ,,0 ,0 ,0 ,,0 ,0 ,0 ,,0 ,0 ,0 ,,0 ,0 ,0 ,,0 ,0 ,0 ,,0 ,0 ,0 ,,0 ,0 ,0 ,,0 ,0 ,0 ,,0 ,0 ,0 ,,0 ,0 ,0 ,,0 ,0 ,0 ,,0 ,0 ,0 ,,0 ,0 ,0 ,,0 ,0 ,0 ,,0 ,0 ,0 ,,0 ,0 ,0 ,,0 ,0 ,0 
710107,Leasehold Improvement,,0 ,0 ,0 ,0 ,,0 ,0 ,0 ,0 ,0 ,,0 ,0 ,0 ,,0 ,0 ,0 ,,0 ,0 ,0 ,,0 ,0 ,0 ,,0 ,0 ,0 ,,0 ,0 ,0 ,,0 ,0 ,0 ,,0 ,0 ,0 ,,0 ,0 ,0 ,,0 ,0 ,0 ,,0 ,0 ,0 ,,0 ,0 ,0 ,,0 ,0 ,0 ,,0 ,0 ,0 ,,0 ,0 ,0 ,,0 ,0 ,0 ,,0 ,0 ,0 ,,0 ,0 ,0 ,,0 ,0 ,0 ,,0 ,0 ,0 ,,0 ,0 ,0 ,,0 ,0 ,0 ,,0 ,0 ,0 ,,0 ,0 ,0 ,,0 ,0 ,0 ,,0 ,0 ,0 ,,0 ,0 ,0 ,,0 ,0 ,0 
710108,Other Fixed Assets,710100,0 ,0 ,0 ,0 ,,0 ,0 ,0 ,0 ,0 ,,0 ,0 ,0 ,,0 ,0 ,0 ,,0 ,0 ,0 ,,0 ,0 ,0 ,,0 ,0 ,0 ,,0 ,0 ,0 ,,0 ,0 ,0 ,,0 ,0 ,0 ,,0 ,0 ,0 ,,0 ,0 ,0 ,,0 ,0 ,0 ,,0 ,0 ,0 ,,0 ,0 ,0 ,,0 ,0 ,0 ,,0 ,0 ,0 ,,0 ,0 ,0 ,,0 ,0 ,0 ,,0 ,0 ,0 ,,0 ,0 ,0 ,,0 ,0 ,0 ,,0 ,0 ,0 ,,0 ,0 ,0 ,,0 ,0 ,0 ,,0 ,0 ,0 ,,0 ,0 ,0 ,,0 ,0 ,0 ,,0 ,0 ,0 ,,0 ,0 ,0 
710109,Software,,0 ,0 ,0 ,0 ,,0 ,0 ,0 ,0 ,0 ,,0 ,0 ,0 ,,0 ,0 ,0 ,,0 ,0 ,0 ,,0 ,0 ,0 ,,0 ,0 ,0 ,,0 ,0 ,0 ,,0 ,0 ,0 ,,0 ,6 ,-6 ,,0 ,0 ,0 ,,0 ,0 ,0 ,,0 ,0 ,0 ,,0 ,0 ,0 ,,0 ,0 ,0 ,,0 ,0 ,0 ,,0 ,0 ,0 ,,0 ,0 ,0 ,,0 ,0 ,0 ,,0 ,0 ,0 ,,0 ,0 ,0 ,,0 ,0 ,0 ,,0 ,0 ,0 ,,0 ,0 ,0 ,,0 ,0 ,0 ,,0 ,0 ,0 ,,0 ,0 ,0 ,,0 ,0 ,0 ,,0 ,0 ,0 ,,0 ,0 ,0 
710201,Amortization,710200,0 ,0 ,0 ,0 ,,0 ,0 ,0 ,0 ,0 ,,0 ,0 ,0 ,,0 ,0 ,0 ,,0 ,0 ,0 ,,0 ,0 ,0 ,,0 ,0 ,0 ,,0 ,0 ,0 ,,0 ,0 ,0 ,,0 ,0 ,0 ,,0 ,0 ,0 ,,0 ,429 ,-429 ,,0 ,0 ,0 ,,0 ,0 ,0 ,,0 ,0 ,0 ,,0 ,0 ,0 ,,0 ,0 ,0 ,,0 ,0 ,0 ,,0 ,0 ,0 ,,0 ,0 ,0 ,,0 ,0 ,0 ,,0 ,0 ,0 ,,0 ,0 ,0 ,,0 ,0 ,0 ,,0 ,0 ,0 ,,0 ,0 ,0 ,,0 ,0 ,0 ,,0 ,0 ,0 ,,0 ,0 ,0 ,,0 ,0 ,0 
Total 710000, Depreciation - Amortization,,0 ,0 ,0 ,0 ,0 ,0 ,0 ,0 ,0 ,0 ,,0 ,0 ,0 ,,0 ,0 ,0 ,,0 ,"1,778 ","1,778 ",,0 ,0 ,0 ,,0 ,0 ,0 ,,0 ,0 ,0 ,,0 ,0 ,0 ,,0 ,233 ,233 ,,0 ,0 ,0 ,,0 ,"93,267 ","93,267 ",,0 ,0 ,0 ,,0 ,0 ,0 ,,0 ,0 ,0 ,,0 ,0 ,0 ,,0 ,0 ,0 ,,0 ,0 ,0 ,,0 ,0 ,0 ,,0 ,0 ,0 ,,0 ,0 ,0 ,,0 ,0 ,0 ,,0 ,0 ,0 ,,0 ,0 ,0 ,,0 ,0 ,0 ,,0 ,0 ,0 ,,0 ,0 ,0 ,,0 ,0 ,0 ,,0 ,0 ,0 ,,0 ,0 ,0 
55002, Other gain/loss,,0 ,0 ,0 ,0 ,,0 ,0 ,0 ,0 ,0 ,,0 ,0 ,0 ,,0 ,0 ,0 ,,0 ,0 ,0 ,,0 ,0 ,0 ,,0 ,0 ,0 ,,0 ,0 ,0 ,,0 ,0 ,0 ,,0 ,0 ,0 ,,0 ,0 ,0 ,,0 ,0 ,0 ,,0 ,0 ,0 ,,0 ,0 ,0 ,,0 ,0 ,0 ,,0 ,0 ,0 ,,0 ,0 ,0 ,,0 ,0 ,0 ,,0 ,0 ,0 ,,0 ,0 ,0 ,,0 ,0 ,0 ,,0 ,0 ,0 ,,0 ,0 ,0 ,,0 ,0 ,0 ,,0 ,0 ,0 ,,0 ,0 ,0 ,,0 ,0 ,0 ,,0 ,0 ,0 ,,0 ,0 ,0 ,,0 ,0 ,0 
55503, Reconciliation Discrepancies,,0 ,0 ,0 ,0 ,,0 ,0 ,0 ,0 ,0 ,,0 ,0 ,0 ,,0 ,0 ,0 ,,0 ,0 ,0 ,,0 ,0 ,0 ,,0 ,0 ,0 ,,0 ,0 ,0 ,,0 ,0 ,0 ,,0 ,0 ,0 ,,0 ,0 ,0 ,,0 ,0 ,0 ,,0 ,0 ,0 ,,0 ,0 ,0 ,,0 ,0 ,0 ,,0 ,0 ,0 ,,0 ,0 ,0 ,,0 ,0 ,0 ,,0 ,0 ,0 ,,0 ,0 ,0 ,,0 ,0 ,0 ,,0 ,0 ,0 ,,0 ,0 ,0 ,,0 ,0 ,0 ,,0 ,0 ,0 ,,0 ,0 ,0 ,,0 ,0 ,0 ,,0 ,0 ,0 ,,0 ,0 ,0 ,,0 ,0 ,0 
Total 55500, Other gain/loss,,0 ,0 ,0 ,0 ,0 ,0 ,0 ,0 ,0 ,0 ,,0 ,0 ,0 ,,0 ,0 ,0 ,,0 ,0 ,0 ,,0 ,0 ,0 ,,0 ,0 ,0 ,,0 ,0 ,0 ,,0 ,0 ,0 ,,0 ,0 ,0 ,,0 ,0 ,0 ,,0 ,0 ,0 ,,0 ,0 ,0 ,,0 ,0 ,0 ,,0 ,0 ,0 ,,0 ,0 ,0 ,,0 ,0 ,0 ,,0 ,0 ,0 ,,0 ,0 ,0 ,,0 ,0 ,0 ,,0 ,0 ,0 ,,0 ,0 ,0 ,,0 ,0 ,0 ,,0 ,0 ,0 ,,0 ,0 ,0 ,,0 ,0 ,0 ,,0 ,0 ,0 ,,0 ,0 ,0 ,,0 ,0 ,0 ,,0 ,0 ,0 
,,,,,,,,,,,,,,,,,,,,,,,,,,,,,,,,,,,,,,,,,,,,,,,,,,,,,,,,,,,,,,,,,,,,,,,,,,,,,,,,,,,,,,,,,,,,,,,,,,,,,,,,,,,,,,,,,,,,,,,,,,,,
Other Income,,,0 ,0 ,0 ,,,,,,,0 ,,,,,,,,,,,,,,,,,,,,,,,,,,,,,,,,,,,,,,,,,,0 ,0 ,0 ,,0 ,0 ,0 ,,0 ,0 ,0 ,,0 ,0 ,0 ,,0 ,0 ,0 ,,0 ,0 ,0 ,,0 ,0 ,0 ,,0 ,0 ,0 ,,0 ,0 ,0 ,,0 ,0 ,0 ,,0 ,0 ,0 ,,0 ,0 ,0 ,,0 ,0 ,0 ,,0 ,0 ,0 ,,0 ,0 ,0 ,,0 ,0 ,0 ,,0 ,0 ,0 ,,0 ,0 ,0 
720101,Interest Income,720100,0 ,0 ,0 ,0 ,,0 ,0 ,0 ,0 ,0 ,,0 ,0 ,0 ,,0 ,0 ,0 ,,0 ,-1 ,1 ,,0 ,0 ,0 ,,0 ,0 ,0 ,,0 ,0 ,0 ,,0 ,0 ,0 ,,0 ,0 ,0 ,,0 ,0 ,0 ,,0 ,0 ,0 ,,0 ,0 ,0 ,,0 ,0 ,0 ,,0 ,0 ,0 ,,0 ,0 ,0 ,,0 ,0 ,0 ,,0 ,0 ,0 ,,0 ,0 ,0 ,,0 ,0 ,0 ,,0 ,0 ,0 ,,0 ,0 ,0 ,,0 ,0 ,0 ,,0 ,0 ,0 ,,0 ,0 ,0 ,,0 ,0 ,0 ,,0 ,0 ,0 ,,0 ,0 ,0 ,,0 ,0 ,0 ,,0 ,0 ,0 
720102,Deferred Tax Benefit,,0 ,0 ,0 ,0 ,,0 ,0 ,0 ,0 ,0 ,,0 ,0 ,0 ,,0 ,0 ,0 ,,0 ,0 ,0 ,,0 ,0 ,0 ,,0 ,0 ,0 ,,0 ,0 ,0 ,,0 ,0 ,0 ,,0 ,0 ,0 ,,0 ,0 ,0 ,,0 ,0 ,0 ,,0 ,0 ,0 ,,0 ,0 ,0 ,,0 ,0 ,0 ,,0 ,0 ,0 ,,0 ,0 ,0 ,,0 ,0 ,0 ,,0 ,0 ,0 ,,0 ,0 ,0 ,,0 ,0 ,0 ,,0 ,0 ,0 ,,0 ,0 ,0 ,,0 ,0 ,0 ,,0 ,0 ,0 ,,0 ,0 ,0 ,,0 ,0 ,0 ,,0 ,0 ,0 ,,0 ,0 ,0 ,,0 ,0 ,0 
Total Other Income,,,0 ,0 ,0 ,0 ,0 ,0 ,0 ,0 ,0 ,0 ,,0 ,0 ,0 ,,0 ,0 ,0 ,,0 ,-1 ,1 ,,0 ,0 ,0 ,,0 ,0 ,0 ,,0 ,0 ,0 ,,0 ,0 ,0 ,,0 ,0 ,0 ,,0 ,0 ,0 ,,0 ,0 ,0 ,,0 ,0 ,0 ,,0 ,0 ,0 ,,0 ,0 ,0 ,,0 ,0 ,0 ,,0 ,0 ,0 ,,0 ,0 ,0 ,,0 ,0 ,0 ,,0 ,0 ,0 ,,0 ,0 ,0 ,,0 ,0 ,0 ,,0 ,0 ,0 ,,0 ,0 ,0 ,,0 ,0 ,0 ,,0 ,0 ,0 ,,0 ,0 ,0 ,,0 ,0 ,0 ,,0 ,0 ,0 ,,0 ,0 ,0 
OTHER EXPENSES,,,,,,,,,,,,,,,,,,,,,,,,,,,,,,,,,,,,,,,,,,,,,,,,,,,,,,,,,,,,,,,,,,,,,,,,,,,,,,,,,,,,,,,,,,,,,,,,,,,,,,,,,,,,,,,,,,,,,,,,,,,,
Unrealized Gain or Loss,,,,,,,,,,,,,,,,,,,,,,,,,,,,,,,,,,,,,,,,,,,,,,,,,,,,,,,,,,,,,,,,,,,,,,,,,,,,,,,,,,,,,,,,,,,,,,,,,,,,,,,,,,,,,,,,,,,,,,,,,,,,
710301,Interest Expense,710300,0 ,0 ,0 ,0 ,,0 ,0 ,0 ,0 ,0 ,,0 ,0 ,0 ,,0 ,0 ,0 ,,0 ,952 ,-952 ,,0 ,0 ,0 ,,0 ,0 ,0 ,,0 ,0 ,0 ,,0 ,0 ,0 ,,0 ,2 ,-2 ,,0 ,0 ,0 ,,0 ,0 ,0 ,,0 ,0 ,0 ,,0 ,0 ,0 ,,0 ,0 ,0 ,,0 ,0 ,0 ,,0 ,0 ,0 ,,0 ,0 ,0 ,,0 ,0 ,0 ,,0 ,0 ,0 ,,0 ,0 ,0 ,,0 ,0 ,0 ,,0 ,0 ,0 ,,0 ,0 ,0 ,,0 ,0 ,0 ,,0 ,0 ,0 ,,0 ,0 ,0 ,,0 ,0 ,0 ,,0 ,0 ,0 ,,0 ,0 ,0 
710401,Donations,,0 ,0 ,0 ,0 ,,0 ,0 ,0 ,0 ,0 ,,0 ,0 ,0 ,,0 ,0 ,0 ,,0 ,0 ,0 ,,0 ,0 ,0 ,,0 ,0 ,0 ,,0 ,0 ,0 ,,0 ,0 ,0 ,,0 ,0 ,0 ,,0 ,0 ,0 ,,0 ,0 ,0 ,,0 ,0 ,0 ,,0 ,0 ,0 ,,0 ,0 ,0 ,,0 ,0 ,0 ,,0 ,0 ,0 ,,0 ,0 ,0 ,,0 ,0 ,0 ,,0 ,0 ,0 ,,0 ,0 ,0 ,,0 ,0 ,0 ,,0 ,0 ,0 ,,0 ,0 ,0 ,,0 ,0 ,0 ,,0 ,0 ,0 ,,0 ,0 ,0 ,,0 ,0 ,0 ,,0 ,0 ,0 ,,0 ,0 ,0 
710501,SR&ED tax credits,,0 ,0 ,0 ,0 ,,0 ,0 ,0 ,0 ,0 ,,0 ,0 ,0 ,,0 ,0 ,0 ,,0 ,0 ,0 ,,0 ,0 ,0 ,,0 ,0 ,0 ,,0 ,0 ,0 ,,0 ,0 ,0 ,,0 ,0 ,0 ,,0 ,0 ,0 ,,0 ,0 ,0 ,,0 ,0 ,0 ,,0 ,0 ,0 ,,0 ,0 ,0 ,,0 ,0 ,0 ,,0 ,0 ,0 ,,0 ,0 ,0 ,,0 ,0 ,0 ,,0 ,0 ,0 ,,0 ,0 ,0 ,,0 ,0 ,0 ,,0 ,0 ,0 ,,0 ,0 ,0 ,,0 ,0 ,0 ,,0 ,0 ,0 ,,0 ,0 ,0 ,,0 ,0 ,0 ,,0 ,0 ,0 ,,0 ,0 ,0 
710303,Penalty Expense,,0 ,0 ,0 ,0 ,,0 ,0 ,0 ,0 ,0 ,,0 ,0 ,0 ,,0 ,0 ,0 ,,0 ,0 ,0 ,,0 ,0 ,0 ,,0 ,0 ,0 ,,0 ,0 ,0 ,,0 ,0 ,0 ,,0 ,0 ,0 ,,0 ,0 ,0 ,,0 ,0 ,0 ,,0 ,0 ,0 ,,0 ,0 ,0 ,,0 ,0 ,0 ,,0 ,0 ,0 ,,0 ,0 ,0 ,,0 ,0 ,0 ,,0 ,0 ,0 ,,0 ,0 ,0 ,,0 ,0 ,0 ,,0 ,0 ,0 ,,0 ,0 ,0 ,,0 ,0 ,0 ,,0 ,0 ,0 ,,0 ,0 ,0 ,,0 ,0 ,0 ,,0 ,0 ,0 ,,0 ,0 ,0 ,,0 ,0 ,0 
710601,Corporate Tax,,0 ,0 ,0 ,0 ,,0 ,0 ,0 ,0 ,0 ,,0 ,0 ,0 ,,0 ,0 ,0 ,,0 ,0 ,0 ,,0 ,0 ,0 ,,0 ,0 ,0 ,,0 ,0 ,0 ,,0 ,0 ,0 ,,0 ,0 ,0 ,,0 ,0 ,0 ,,0 ,0 ,0 ,,0 ,0 ,0 ,,0 ,0 ,0 ,,0 ,0 ,0 ,,0 ,0 ,0 ,,0 ,0 ,0 ,,0 ,0 ,0 ,,0 ,0 ,0 ,,0 ,0 ,0 ,,0 ,0 ,0 ,,0 ,0 ,0 ,,0 ,0 ,0 ,,0 ,0 ,0 ,,0 ,0 ,0 ,,0 ,0 ,0 ,,0 ,0 ,0 ,,0 ,0 ,0 ,,0 ,0 ,0 ,,0 ,0 ,0 
710602,Corporate Tax,710600,0 ,0 ,0 ,0 ,,0 ,0 ,0 ,0 ,0 ,,0 ,0 ,0 ,,0 ,0 ,0 ,,0 ,0 ,0 ,,0 ,0 ,0 ,,0 ,0 ,0 ,,0 ,0 ,0 ,,0 ,0 ,0 ,,0 ,0 ,0 ,,0 ,0 ,0 ,,0 ,0 ,0 ,,0 ,0 ,0 ,,0 ,0 ,0 ,,0 ,0 ,0 ,,0 ,0 ,0 ,,0 ,0 ,0 ,,0 ,0 ,0 ,,0 ,0 ,0 ,,0 ,0 ,0 ,,0 ,0 ,0 ,,0 ,0 ,0 ,,0 ,0 ,0 ,,0 ,0 ,0 ,,0 ,0 ,0 ,,0 ,0 ,0 ,,0 ,0 ,0 ,,0 ,0 ,0 ,,0 ,0 ,0 ,,0 ,0 ,0 
710603,Corporate Tax,,0 ,0 ,0 ,0 ,,0 ,0 ,0 ,0 ,0 ,,0 ,0 ,0 ,,0 ,0 ,0 ,,0 ,0 ,0 ,,0 ,0 ,0 ,,0 ,0 ,0 ,,0 ,0 ,0 ,,0 ,0 ,0 ,,0 ,0 ,0 ,,0 ,0 ,0 ,,0 ,0 ,0 ,,0 ,0 ,0 ,,0 ,0 ,0 ,,0 ,0 ,0 ,,0 ,0 ,0 ,,0 ,0 ,0 ,,0 ,0 ,0 ,,0 ,0 ,0 ,,0 ,0 ,0 ,,0 ,0 ,0 ,,0 ,0 ,0 ,,0 ,0 ,0 ,,0 ,0 ,0 ,,0 ,0 ,0 ,,0 ,0 ,0 ,,0 ,0 ,0 ,,0 ,0 ,0 ,,0 ,0 ,0 ,,0 ,0 ,0 
710604,NYS Franchise Tax,,0 ,0 ,0 ,0 ,,0 ,0 ,0 ,0 ,0 ,,0 ,0 ,0 ,,0 ,0 ,0 ,,0 ,0 ,0 ,,0 ,0 ,0 ,,0 ,0 ,0 ,,0 ,0 ,0 ,,0 ,0 ,0 ,,0 ,0 ,0 ,,0 ,0 ,0 ,,0 ,0 ,0 ,,0 ,0 ,0 ,,0 ,0 ,0 ,,0 ,0 ,0 ,,0 ,0 ,0 ,,0 ,0 ,0 ,,0 ,0 ,0 ,,0 ,0 ,0 ,,0 ,0 ,0 ,,0 ,0 ,0 ,,0 ,0 ,0 ,,0 ,0 ,0 ,,0 ,0 ,0 ,,0 ,0 ,0 ,,0 ,0 ,0 ,,0 ,0 ,0 ,,0 ,0 ,0 ,,0 ,0 ,0 ,,0 ,0 ,0 
710605,Corporate Tax,,0 ,0 ,0 ,0 ,,0 ,0 ,0 ,0 ,0 ,,0 ,0 ,0 ,,0 ,0 ,0 ,,0 ,0 ,0 ,,0 ,0 ,0 ,,0 ,0 ,0 ,,0 ,0 ,0 ,,0 ,0 ,0 ,,0 ,0 ,0 ,,0 ,0 ,0 ,,0 ,0 ,0 ,,0 ,0 ,0 ,,0 ,0 ,0 ,,0 ,0 ,0 ,,0 ,0 ,0 ,,0 ,0 ,0 ,,0 ,0 ,0 ,,0 ,0 ,0 ,,0 ,0 ,0 ,,0 ,0 ,0 ,,0 ,0 ,0 ,,0 ,0 ,0 ,,0 ,0 ,0 ,,0 ,0 ,0 ,,0 ,0 ,0 ,,0 ,0 ,0 ,,0 ,0 ,0 ,,0 ,0 ,0 ,,0 ,0 ,0 
710701,Other gain/loss,710700,0 ,0 ,0 ,0 ,,0 ,0 ,0 ,0 ,0 ,,0 ,0 ,0 ,,0 ,0 ,0 ,,0 ,0 ,0 ,,0 ,0 ,0 ,,0 ,0 ,0 ,,0 ,0 ,0 ,,0 ,0 ,0 ,,0 ,0 ,0 ,,0 ,0 ,0 ,,0 ,0 ,0 ,,0 ,0 ,0 ,,0 ,0 ,0 ,,0 ,0 ,0 ,,0 ,0 ,0 ,,0 ,0 ,0 ,,0 ,0 ,0 ,,0 ,0 ,0 ,,0 ,0 ,0 ,,0 ,0 ,0 ,,0 ,0 ,0 ,,0 ,0 ,0 ,,0 ,0 ,0 ,,0 ,0 ,0 ,,0 ,0 ,0 ,,0 ,0 ,0 ,,0 ,0 ,0 ,,0 ,0 ,0 ,,0 ,0 ,0 
710702,Reconciliation Discrepancies,710700,0 ,0 ,0 ,0 ,,0 ,0 ,0 ,0 ,0 ,,0 ,0 ,0 ,,0 ,0 ,0 ,,0 ,0 ,0 ,,0 ,0 ,0 ,,0 ,0 ,0 ,,0 ,0 ,0 ,,0 ,0 ,0 ,,0 ,0 ,0 ,,0 ,0 ,0 ,,0 ,0 ,0 ,,0 ,0 ,0 ,,0 ,0 ,0 ,,0 ,0 ,0 ,,0 ,0 ,0 ,,0 ,0 ,0 ,,0 ,0 ,0 ,,0 ,0 ,0 ,,0 ,0 ,0 ,,0 ,0 ,0 ,,0 ,0 ,0 ,,0 ,0 ,0 ,,0 ,0 ,0 ,,0 ,0 ,0 ,,0 ,0 ,0 ,,0 ,0 ,0 ,,0 ,0 ,0 ,,0 ,0 ,0 ,,0 ,0 ,0 
,,,,,,,,,,,,,,,,,,,,,,,,,,,,,,,,,,,,,,,,,,,,,,,,,,,,,,,,,,,,,,,,,,,,,,,,,,,,,,,,,,,,,,,,,,,,,,,,,,,,,,,,,,,,,,,,,,,,,,,,,,,,
 Non-Operating Expenses, Non-Operating Expenses,,0 ,0 ,0 ,0 ,0 ,0 ,0 ,0 ,0 ,0 ,,0 ,0 ,0 ,,0 ,0 ,0 ,,0 ,952 ,952 ,,0 ,0 ,0 ,,0 ,0 ,0 ,,0 ,0 ,0 ,,0 ,0 ,0 ,,0 ,2 ,2 ,,0 ,0 ,0 ,,0 ,0 ,0 ,,0 ,0 ,0 ,,0 ,0 ,0 ,,0 ,0 ,0 ,,0 ,0 ,0 ,,0 ,0 ,0 ,,0 ,0 ,0 ,,0 ,0 ,0 ,,0 ,0 ,0 ,,0 ,0 ,0 ,,0 ,0 ,0 ,,0 ,0 ,0 ,,0 ,0 ,0 ,,0 ,0 ,0 ,,0 ,0 ,0 ,,0 ,0 ,0 ,,0 ,0 ,0 ,,0 ,0 ,0 ,,0 ,0 ,0 
,Exchange Gain or Loss,,,,,,,,,,,,,,,,,,,,,,,,,,,,,,,,,,,,,,,,,,,,,,,,,,,,,,,,,,,,,,,,,,,,,,,,,,,,,,,,,,,,,,,,,,,,,,,,,,,,,,,,,,,,,,,,,,,,,,,,,,,
,   Unrealised Gain or Loss,,,,,,,,,,,,,,,,,,,,,,,,,,,,,,,,,,,,,,,,,,,,,,,,,,,,,,,,,,,,,,,,,,,,,,,,,,,,,,,,,,,,,,,,,,,,,,,,,,,,,,,,,,,,,,,,,,,,,,,,,,,
,Exchange Gain or Loss,,,,,,,,,,,,,,,,,,,,,,,,,,,,,,,,,,,,,,,,,,,,,,,,,,,,,,,,,,,,,,,,,,,,,,,,,,,,,,,,,,,,,,,,,,,,,,,,,,,,,,,,,,,,,,,,,,,,,,,,,,,
,Exchange Gain or Loss,,,,,,,,,,,0 ,,,,,,,,,,,,,,,,,,,,,,,,,,,,,,,,,,,,,,,,,,,,,,,,,,,,,,,,,,,,,,,,,,,,,,,,,,,,,,,,,,,,,,,,,,,,,,,,,,,,,,,,,,,,,,,,
710110,Reconciliation Discrepancies,710100,0 ,0 ,0 ,0 ,,0 ,0 ,0 ,0 ,0 ,,0 ,0 ,0 ,,0 ,0 ,0 ,,0 ,0 ,0 ,,0 ,0 ,0 ,,0 ,0 ,0 ,,0 ,0 ,0 ,,0 ,0 ,0 ,,0 ,92 ,-92 ,,0 ,0 ,0 ,,0 ,0 ,0 ,,0 ,0 ,0 ,,0 ,0 ,0 ,,0 ,0 ,0 ,,0 ,0 ,0 ,,0 ,0 ,0 ,,0 ,0 ,0 ,,0 ,0 ,0 ,,0 ,0 ,0 ,,0 ,0 ,0 ,,0 ,0 ,0 ,,0 ,0 ,0 ,,0 ,0 ,0 ,,0 ,0 ,0 ,,0 ,0 ,0 ,,0 ,0 ,0 ,,0 ,0 ,0 ,,0 ,0 ,0 ,,0 ,0 ,0 
710801,Exchange Gain or Loss,710800,0 ,0 ,0 ,0 ,,0 ,0 ,0 ,0 ,0 ,,0 ,0 ,0 ,,0 ,"3,464 ","-3,464 ",,0 ,"-2,142 ","2,142 ",,0 ,0 ,0 ,,0 ,170 ,-170 ,,0 ,-824 ,824 ,,0 ,143 ,-143 ,,0 ,885 ,-885 ,,0 ,0 ,0 ,,0 ,"9,589 ","-9,589 ",,0 ,0 ,0 ,,0 ,0 ,0 ,,0 ,0 ,0 ,,0 ,0 ,0 ,,0 ,0 ,0 ,,0 ,0 ,0 ,,0 ,0 ,0 ,,0 ,0 ,0 ,,0 ,0 ,0 ,,0 ,0 ,0 ,,0 ,0 ,0 ,,0 ,0 ,0 ,,0 ,0 ,0 ,,0 ,0 ,0 ,,0 ,0 ,0 ,,0 ,0 ,0 ,,0 ,0 ,0 ,,0 ,0 ,0 
Total Other Expenses,,,0 ,0 ,0 ,0 ,0 ,#DIV/0!,#DIV/0!,#DIV/0!,#DIV/0!,0 ,,0 ,0 ,0 ,,0 ,"3,464 ","3,464 ",,0 ,587 ,587 ,,0 ,0 ,0 ,,0 ,170 ,170 ,,0 ,-824 ,-824 ,,0 ,143 ,143 ,,0 ,"1,212 ","1,212 ",,0 ,0 ,0 ,,0 ,"102,856 ","102,856 ",,0 ,0 ,0 ,,0 ,0 ,0 ,,0 ,0 ,0 ,,0 ,0 ,0 ,,0 ,0 ,0 ,,0 ,0 ,0 ,,0 ,0 ,0 ,,0 ,0 ,0 ,,0 ,0 ,0 ,,0 ,0 ,0 ,,0 ,0 ,0 ,,0 ,0 ,0 ,,0 ,0 ,0 ,,0 ,0 ,0 ,,0 ,0 ,0 ,,0 ,0 ,0 ,,0 ,0 ,0 ,,0 ,0 ,0 
PROFIT,,,0 ,0 ,0 ,0 ,0 ,#DIV/0!,0 ,0 ,0 ,0 ,,0 ,0 ,0 ,,0 ,"227,435 ","227,435 ",,0 ,"-104,710 ","-104,710 ",,0 ,"-102,960 ","-102,960 ",,0 ,-236 ,-236 ,,0 ,"-41,844 ","-41,844 ",,0 ,"-1,000 ","-1,000 ",,0 ,"-59,348 ","-59,348 ",,0 ,"8,093 ","8,093 ",,0 ,"-29,747 ","-29,747 ",,0 ,0 ,0 ,,0 ,0 ,0 ,,0 ,0 ,0 ,,0 ,0 ,0 ,,0 ,0 ,0 ,,0 ,0 ,0 ,,0 ,0 ,0 ,,0 ,0 ,0 ,,0 ,0 ,0 ,,0 ,0 ,0 ,,0 ,0 ,0 ,,0 ,0 ,0 ,,0 ,0 ,0 ,,0 ,0 ,0 ,,0 ,0 ,0 ,,0 ,0 ,0 ,,0 ,0 ,0 ,,0 ,0 ,0 
,,,,,,,,,,,,,,,,,,,,,,,,,,,,,,,,,,,,,,,,,,,,,,,,,,,,,,,,,,,,,,,,,,,,,,,,,,,,,,,,,,,,,,,,,,,,,,,,,,,,,,,,,,,,,,,,,,,,,,,,,,,,
,,,,,,,,,,,,,,,,,,,,,,,,,,,,,,,,,,,,,,,,,,,,,,,,,,,,,,,,,,,,,,,,,,,,,,,,,,,,,,,,,,,,,,,,,,,,,,,,,,,,,,,,,,,,,,,,,,,,,,,,,,,,
,,,"-1,439,901 ","570,204 ","-2,001,036 ",,,,,,,,,,"-187,629 ","-109,833 ",,"405,859 ","427,886 ","22,027 ",,"-91,892 ","-114,758 ","-22,867 ",,"-103,899 ","-107,277 ","-3,378 ",,-68 ,-312 ,-244 ,,"-37,351 ","-46,357 ","-9,006 ",,"-41,864 ","-37,287 ","4,577 ",,"-52,990 ","-50,302 ","2,688 ",,"58,518 ","77,149 ","18,632 ",,"-246,146 ","-172,025 ","74,121 ",,,,,,,,,,,,,,,,,,,,,,,,,,,,,,,,,,,,,,,,,,,,,,,,,,,,,,,,,,,,,,,,,,,,,,,,
,,,,,,,,,,,,,,,,,,,,,,,,,,,,,,,,,,,,,,,,,,,,,,,,,,,,,,,,,,,,,,,,,,,,,,,,,,,,,,,,,,,,,,,,,,,,,,,,,,,,,,,,,,,,,,,,,,,,,,,,,,,,
,,,,,," 136,314 ",,,,,,,,,,,,,,,,,,,,,,,,,,,,,,,,,,,,,,,,,,,,,,,,,,,,,,,,,,,,,,,,,,,,,,,,,,,,,,,,,,,,,,,,,,,,,,,,,,,,,,,,,,,,,,,,,,,,,,
,,,,,,,,,,,,,,,,,,,,,,,,,,,,,,,,,,,,,,,,,,,,,,,,,,,,,,,,,,,,,,,,,,,,,,,,,,,,,,,,,,,,,,,,,,,,,,,,,,,,,,,,,,,,,,,,,,,,,,,,,,,,
,,,,,,,,,,,,,,,,,,,,,,,,,,,,,,,,,,,,,,,,,,,,,,,,,,,,,,,,,,,,,,,,,,,,,,,,,,,,,,,,,,,,,,,,,,,,,,,,,,,,,,,,,,,,,,,,,,,,,,,,,,,,
,,,,,,,,,,,,,,,,,,,,,,,,,,,,,,,,,,,,,,,,,,,,,,,,,,,,,,,,,,,,,,,,,,,,,,,,,,,,,,,,,,,,,,,,,,,,,,,,,,,,,,,,,,,,,,,,,,,,,,,,,,,,
,,,,,,,,,,,,,,,,,,,,,,,,,,,,,,,,,,,,,,,,,,,,,,,,,,,,,,,,,,,,,,,,,,,,,,,,,,,,,,,,,,,,,,,,,,,,,,,,,,,,,,,,,,,,,,,,,,,,,,,,,,,,
,,,,,,,,,,,,,,,,,,,,,,,,,,,,,,,,,,,,,,,,,,,,,,,,,,,,,,,,,,,,,,,,,,,,,,,,,,,,,,,,,,,,,,,,,,,,,,,,,,,,,,,,,,,,,,,,,,,,,,,,,,,,
,,,,,,,,,,,,,,,,,,,,,,,,,,,,,,,,,,,,,,,,,,,,,,,,,,,,,,,,,,,,,,,,,,,,,,,,,,,,,,,,,,,,,,,,,,,,,,,,,,,,,,,,,,,,,,,,,,,,,,,,,,,,
,,,,,,,,,,,,,,,,,,,,,,,,,,,,,,,,,,,,,,,,,,,,,,,,,,,,,,,,,,,,,,,,,,,,,,,,,,,,,,,,,,,,,,,,,,,,,,,,,,,,,,,,,,,,,,,,,,,,,,,,,,,,
,,,,,,,,,,,,,,,,,,,,,,,,,,,,,,,,,,,,,,,,,,,,,,,,,,,,,,,,,,,,,,,,,,,,,,,,,,,,,,,,,,,,,,,,,,,,,,,,,,,,,,,,,,,,,,,,,,,,,,,,,,,,
,,,,,,,,,,,,,,,,,,,,,,,,,,,,,,,,,,,,,,,,,,,,,,,,,,,,,,,,,,,,,,,,,,,,,,,,,,,,,,,,,,,,,,,,,,,,,,,,,,,,,,,,,,,,,,,,,,,,,,,,,,,,
,,,,,,,,,,,,,,,,,,,,,,,,,,,,,,,,,,,,,,,,,,,,,,,,,,,,,,,,,,,,,,,,,,,,,,,,,,,,,,,,,,,,,,,,,,,,,,,,,,,,,,,,,,,,,,,,,,,,,,,,,,,,
,,,,,,,,,,,,,,,,,,,,,,,,,,,,,,,,,,,,,,,,,,,,,,,,,,,,,,,,,,,,,,,,,,,,,,,,,,,,,,,,,,,,,,,,,,,,,,,,,,,,,,,,,,,,,,,,,,,,,,,,,,,,
,,,,,,,,,,,,,,,,,,,,,,,,,,,,,,,,,,,,,,,,,,,,,,,,,,,,,,,,,,,,,,,,,,,,,,,,,,,,,,,,,,,,,,,,,,,,,,,,,,,,,,,,,,,,,,,,,,,,,,,,,,,,
,,,,,,,,,,,,,,,,,,,,,,,,,,,,,,,,,,,,,,,,,,,,,,,,,,,,,,,,,,,,,,,,,,,,,,,,,,,,,,,,,,,,,,,,,,,,,,,,,,,,,,,,,,,,,,,,,,,,,,,,,,,,
,,,,,,,,,,,,,,,,,,,,,,,,,,,,,,,,,,,,,,,,,,,,,,,,,,,,,,,,,,,,,,,,,,,,,,,,,,,,,,,,,,,,,,,,,,,,,,,,,,,,,,,,,,,,,,,,,,,,,,,,,,,,
,,,,,,,,,,,,,,,,,,,,,,,,,,,,,,,,,,,,,,,,,,,,,,,,,,,,,,,,,,,,,,,,,,,,,,,,,,,,,,,,,,,,,,,,,,,,,,,,,,,,,,,,,,,,,,,,,,,,,,,,,,,,
,,,,,,,,,,,,,,,,,,,,,,,,,,,,,,,,,,,,,,,,,,,,,,,,,,,,,,,,,,,,,,,,,,,,,,,,,,,,,,,,,,,,,,,,,,,,,,,,,,,,,,,,,,,,,,,,,,,,,,,,,,,,